Total Time(s),Time_o1(s),Time_o2(s),Time_o3(s),var1,var2,var3,var4,var5,var6,var7,var8,var9,var10,var11,var12,var13,var14,var15,var16,var17,var18,var19,var20,o1,o2,o3
56.06000018119812,56.05799984931946,0.0,0.0,0,1,1,1,1,0,2,1,2,1,1,0,1,0,1,1,0,0,1,2,-66.40762463343108,17.88931578122735,38432.42901133333
51.026999950408936,51.02300000190735,0.0,0.0,0,1,1,1,1,0,1,1,1,1,1,1,1,1,1,1,0,1,1,1,-66.40762463343108,17.88931578122735,38432.42901133333
56.02499985694885,56.0239999294281,0.0,0.0,2,0,1,0,0,2,0,2,0,2,0,0,1,2,0,0,0,0,0,1,-73.24046920821114,15.339787076543443,49335.96248473614
41.019999980926514,41.01900005340576,0.0,0.0,0,1,0,1,2,0,1,1,1,1,1,1,1,1,1,1,0,1,1,1,-54.22287390029326,16.933561133335207,23439.825316899332
46.019999980926514,46.01900005340576,0.0,0.0,0,1,1,1,1,1,1,1,1,1,1,1,1,1,1,1,0,0,1,0,-70.23460410557185,15.381224682631501,45007.735420943194
51.0220000743866,51.0220000743866,0.0,0.0,2,1,0,0,1,0,1,1,1,1,1,0,1,2,2,1,0,0,1,1,-71.48093841642229,16.19522960166996,45573.681430029144
41.020999908447266,41.019999980926514,0.0,0.0,0,1,0,1,1,0,1,1,1,1,1,1,1,1,1,1,1,1,1,1,-65.54252199413489,16.7009139813956,40590.19857320524
46.02000021934509,46.01800012588501,0.0,0.0,2,0,1,1,1,0,1,2,0,1,1,1,1,1,1,1,0,0,0,0,-73.12316715542521,13.71213062198892,48430.281943050635
46.02300000190735,46.0220000743866,0.0,0.0,1,1,1,1,1,0,1,1,2,1,1,0,1,0,0,1,1,0,1,2,-64.83870967741935,17.485094965677728,33351.985002771675
46.026000022888184,46.02500009536743,0.0,0.0,0,1,0,1,1,0,2,0,1,0,1,1,1,2,1,1,0,1,1,0,-67.94721407624633,16.950178671440113,42440.65916774146
46.02300000190735,46.02199983596802,0.0,0.0,1,0,1,2,1,1,1,1,2,1,1,1,1,0,1,0,1,0,1,2,-64.57478005865103,17.790907451089264,36789.45356337389
46.02300000190735,46.0220000743866,0.0,0.0,0,0,1,1,1,1,1,1,1,1,1,1,1,2,1,1,0,1,1,0,-70.11730205278593,17.729564452700075,46181.69018017148
46.019999980926514,46.01900005340576,0.0,0.0,0,1,1,1,1,0,1,1,1,1,1,1,1,1,1,1,1,1,1,1,-71.43695014662757,16.348089388104423,44063.53166607658
46.02199983596802,46.02199983596802,0.0,0.0,0,1,1,1,1,0,1,1,2,1,1,0,1,0,0,1,1,0,1,2,-75.2199413489736,12.606739787893115,50368.393265912004
46.02300000190735,46.0220000743866,0.0,0.0,0,1,0,1,1,0,2,1,1,1,0,1,1,2,1,1,0,1,1,1,-65.96774193548387,16.722033220991623,38726.71046068736
41.0220000743866,41.020999908447266,0.0,0.0,0,1,0,1,1,0,1,1,1,1,1,1,1,1,1,1,1,0,1,0,-68.31378299120236,16.702262239244156,43842.69198514572
46.0220000743866,46.0220000743866,0.0,0.0,0,1,0,1,1,1,2,1,2,1,1,1,1,1,1,1,0,0,1,1,-69.00293255131963,15.250483763049635,40881.04062912181
46.021000146865845,46.019999980926514,0.0,0.0,0,1,1,1,1,1,1,1,1,1,1,1,1,1,1,1,1,0,1,0,-70.89442815249267,17.288280532721327,47972.728101868925
46.0220000743866,46.021000146865845,0.0,0.0,0,0,1,1,1,1,1,1,1,0,1,1,1,2,1,1,0,1,1,0,-73.21114369501467,13.820303634317826,46606.11221120501
46.01900005340576,46.01800012588501,0.0,0.0,0,0,1,1,1,0,1,1,1,1,1,1,1,1,1,1,1,1,1,1,-69.63343108504401,18.003566123212483,42826.72404549796
46.020999908447266,46.019999980926514,0.0,0.0,0,1,0,1,1,0,1,1,1,1,1,1,1,1,1,1,0,1,1,1,-73.50439882697948,14.650488771344582,48425.57435917137
46.020999908447266,46.020999908447266,0.0,0.0,0,0,1,1,1,0,1,1,1,1,1,1,1,1,1,1,0,1,1,0,-71.12903225806453,15.969117019051318,47397.85116187476
46.02300000190735,46.0220000743866,0.0,0.0,0,1,1,1,1,1,2,1,1,1,1,0,1,1,0,1,1,0,1,2,-69.35483870967742,16.376333074988874,41354.82246216699
46.01799988746643,46.01699995994568,0.0,0.0,0,1,0,1,1,0,2,1,1,0,1,1,0,1,1,1,1,0,1,0,-70.01466275659826,15.451505119263855,44419.41906522883
46.03099989891052,46.02900004386902,0.0,0.0,0,1,0,1,1,0,1,1,1,0,1,1,1,1,1,1,1,1,1,1,-65.4692082111437,18.176060457823425,37551.33720331965
46.021000146865845,46.019999980926514,0.0,0.0,0,1,0,0,1,0,1,1,1,1,1,1,1,1,1,1,1,1,1,1,-71.31964809384165,15.820792874156975,47193.474322472015
46.0239999294281,46.0239999294281,0.0,0.0,1,1,0,1,2,0,2,1,0,1,1,1,1,0,1,1,1,0,1,0,-71.0850439882698,14.00286992436029,45727.66762742198
46.02499985694885,46.0239999294281,0.0,0.0,0,1,0,1,1,1,2,1,1,1,1,1,1,0,1,1,1,0,1,1,-66.2316715542522,16.999021891193973,37622.00368558125
46.02199983596802,46.020999908447266,0.0,0.0,0,1,0,1,1,1,2,1,2,1,1,1,1,1,1,2,1,0,1,1,-71.45161290322582,16.696787229466167,47573.861450331606
46.020999908447266,46.019999980926514,0.0,0.0,0,1,2,1,1,1,2,1,2,1,1,0,1,0,0,1,1,0,1,2,-72.18475073313782,15.043151836090917,48514.309661589185
46.019999980926514,46.01900005340576,0.0,0.0,0,1,1,1,1,1,2,1,2,1,1,1,1,1,0,1,1,0,1,1,-67.44868035190616,16.58655960179998,40568.65661526241
46.019999980926514,46.01899981498718,0.0,0.0,0,1,0,1,1,0,2,1,1,1,1,1,1,1,1,1,1,1,1,1,-72.33137829912023,15.254986935782206,49229.16243086824
46.02199983596802,46.020999908447266,0.0,0.0,0,1,0,1,1,0,1,1,1,0,1,1,1,2,1,1,0,1,1,1,-72.84457478005865,13.854036584317257,47454.32349983454
46.0220000743866,46.0220000743866,0.0,0.0,1,0,1,1,2,0,1,1,2,1,1,0,1,1,0,1,1,0,1,1,-68.95894428152494,17.528110352697656,45082.79248598392
46.019999980926514,46.019999980926514,0.0,0.0,0,0,1,2,1,1,1,1,1,1,1,1,1,1,1,1,1,0,1,2,-67.41935483870967,16.54390724985854,43283.38718860797
41.01900005340576,41.01900005340576,0.0,0.0,0,1,0,1,1,0,2,0,1,1,0,1,1,2,1,1,0,1,1,1,-72.27272727272728,14.440819205783537,46331.146704564315
46.0220000743866,46.021000146865845,0.0,0.0,0,0,1,1,1,0,1,1,1,1,1,1,0,1,1,1,0,1,1,0,-66.36363636363636,17.86871493572079,42563.6326215803
46.032999992370605,46.0310001373291,0.0,0.0,1,0,2,2,1,0,1,1,1,0,1,1,2,1,0,2,2,1,2,1,-67.87390029325513,18.011860676677472,40237.88510015953
51.03700017929077,51.032999992370605,0.0,0.0,0,0,0,1,1,0,1,1,1,1,1,1,1,1,1,1,1,0,1,1,-68.38709677419355,15.487705727461359,42173.23526970825
46.02400016784668,46.02300000190735,0.0,0.0,0,1,1,0,1,1,1,1,1,1,1,1,1,1,1,1,2,0,1,1,-69.4281524926686,16.809610940773855,44976.54283820969
46.020999908447266,46.019999980926514,0.0,0.0,1,0,0,0,1,0,1,1,1,1,1,1,1,1,1,1,0,1,2,0,-72.99120234604106,13.998182208400902,49425.60362081694
46.02999997138977,46.02999997138977,0.0,0.0,0,0,1,1,1,0,2,1,2,1,1,0,1,0,0,1,1,0,1,2,-66.58357771260998,16.147255697320745,37298.56924212267
46.03699994087219,46.02999997138977,0.0,0.0,0,0,0,1,2,0,1,1,2,1,1,1,1,1,1,1,1,0,1,1,-64.07624633431085,17.418596090140547,35807.93311073064
46.021000146865845,46.02000021934509,0.0,0.0,0,1,1,1,1,1,2,1,1,1,1,0,1,1,1,1,1,0,1,1,-67.96187683284457,16.293309524806116,41861.22241936685
46.019999980926514,46.01900005340576,0.0,0.0,0,1,0,1,1,0,1,1,1,0,1,1,1,2,2,1,1,1,1,1,-73.02052785923755,15.263210882875967,49152.687398181006
46.019999980926514,46.019999980926514,0.0,0.0,0,1,0,1,1,1,2,1,2,1,1,1,1,1,1,1,1,0,1,1,-69.94134897360705,15.283510768953732,45258.16937964082
46.0220000743866,46.019999980926514,0.0009999275207519531,0.0,0,0,0,1,1,0,1,1,1,0,1,1,1,1,1,1,2,1,1,1,-72.62463343108504,15.129259046596168,49005.15888304479
51.021000146865845,51.021000146865845,0.0,0.0,0,1,0,1,1,0,2,0,1,2,1,0,1,2,1,1,0,0,1,0,-69.1642228739003,17.134807138887318,44734.44002514344
46.0310001373291,46.02400016784668,0.0,0.0,0,1,1,1,1,0,1,1,1,1,1,1,1,2,1,1,0,1,2,0,-62.41935483870967,17.46783971736744,33381.149689926475
41.01900005340576,41.01900005340576,0.0,0.0,0,1,1,1,1,0,1,1,2,1,1,1,1,0,0,2,1,0,1,2,-69.9266862170088,14.526757783268776,39089.914024986996
51.0220000743866,51.020999908447266,0.0,0.0,0,1,0,0,1,0,1,1,1,0,1,2,1,1,1,1,1,1,1,1,-67.49266862170089,16.038634551407466,40751.64872486819
46.0239999294281,46.02300000190735,0.0,0.0,1,1,1,1,1,1,2,1,2,1,0,0,1,0,1,0,1,0,1,2,-68.60703812316716,15.648158576080384,43232.96626402515
46.039000034332275,46.021000146865845,0.0,0.0,0,0,1,1,1,0,1,1,1,1,1,1,0,2,1,1,0,1,1,0,-68.41642228739003,19.01203385715443,44483.12063767319
46.02999997138977,46.02900004386902,0.0,0.0,0,1,1,1,1,1,2,1,1,1,1,0,1,1,1,1,1,0,1,2,-67.49266862170089,17.88648180413977,39159.634044847306
46.02900004386902,46.02799987792969,0.0,0.0,0,1,0,1,1,0,2,1,1,1,1,1,1,1,1,1,0,0,1,1,-72.25806451612905,14.522994972868677,46133.52684026675
46.02300000190735,46.021000146865845,0.0,0.0,1,0,1,1,1,0,1,1,2,1,0,0,1,0,1,0,1,0,1,2,-69.16422287390029,17.32160298288468,44910.97252055837
46.03200006484985,46.0310001373291,0.0,0.0,0,0,0,1,2,0,1,1,1,1,1,0,2,1,0,1,1,1,2,1,-64.56011730205279,18.910384938776645,39729.29991492682
51.069000005722046,51.06500005722046,0.0,0.0,0,1,0,1,1,0,1,1,1,1,1,1,1,1,2,1,1,0,1,1,-64.95601173020529,15.362969078160368,36179.50706509195
51.03399991989136,51.032999992370605,0.0,0.0,0,1,0,1,1,0,1,1,1,0,1,1,1,1,2,1,1,1,1,1,-70.24926686217007,14.936319803653138,46062.30785743136
51.03500008583069,51.03500008583069,0.0,0.0,0,1,0,1,1,1,2,1,0,1,1,1,1,1,1,1,0,0,1,1,-70.38123167155426,15.333626348857914,46336.42043495305
46.0460000038147,46.0460000038147,0.0,0.0,0,1,0,1,1,0,2,0,1,1,0,1,1,1,1,1,0,1,1,0,-69.57478005865103,18.615744891446468,47247.52342395764
46.01900005340576,46.01900005340576,0.0,0.0,0,1,1,0,1,1,2,1,1,1,1,1,1,1,1,1,1,0,1,1,-64.5307917888563,17.135388269477318,37603.56256106401
46.0310001373291,46.02999997138977,0.0,0.0,0,1,1,1,1,2,2,1,1,1,1,1,1,1,1,0,1,0,1,1,-72.96187683284458,14.046825765014336,48965.860568188786
56.03200006484985,56.02999997138977,0.0,0.0,1,0,1,1,1,0,2,1,2,0,1,1,1,1,1,1,1,0,1,1,-72.4340175953079,16.048149214339496,48793.296311295315
46.032999992370605,46.032999992370605,0.0,0.0,0,1,0,0,1,1,1,1,2,1,1,1,1,1,1,1,1,0,1,1,-70.86510263929618,17.73476529275456,47690.63212641918
46.07699990272522,46.067999839782715,0.0,0.0,0,1,0,2,1,0,1,1,2,1,1,1,1,1,1,1,1,0,1,1,-70.82111436950147,15.203637194860246,47278.50301063222
46.289000034332275,46.289000034332275,0.0,0.0,0,1,0,1,1,0,2,1,1,0,1,1,1,1,1,1,1,0,1,1,-69.94134897360705,15.082883726416638,44842.84990922472
46.03600001335144,46.03099989891052,0.0,0.0,1,0,1,1,1,0,1,1,2,1,0,0,1,0,0,1,1,0,1,2,-69.07624633431085,17.161255033181607,44706.595681155624
46.020999908447266,46.020999908447266,0.0,0.0,0,0,0,1,1,0,1,1,1,1,1,1,1,2,1,1,0,1,1,0,-64.17888563049853,18.469382503789447,38996.89058280011
56.026999950408936,56.026999950408936,0.0,0.0,0,1,0,1,1,0,1,1,1,1,1,1,1,1,1,1,1,0,1,1,-67.0674486803519,16.874707620132433,38338.460083993385
41.069000005722046,41.06700015068054,0.0,0.0,0,1,0,1,1,0,1,1,2,1,1,1,1,1,1,1,1,0,1,1,-71.09970674486803,15.425294766121116,46919.36174495032
51.03500008583069,51.03500008583069,0.0,0.0,0,0,1,1,2,0,1,1,2,1,1,0,2,1,0,1,1,1,1,1,-70.65982404692082,15.47012437770978,46194.15706703905
41.0310001373291,41.0310001373291,0.0,0.0,0,0,1,2,1,0,2,1,1,0,1,1,1,1,1,1,1,1,2,1,-67.15542521994134,15.606893174102122,40521.889998650455
51.02300000190735,51.02199983596802,0.0,0.0,1,0,0,1,1,0,1,0,1,1,0,0,2,1,1,1,1,0,1,2,-70.05865102639297,15.78593678537394,41732.024848953944
46.037999868392944,46.03699994087219,0.0,0.0,0,0,1,1,1,0,1,1,1,1,1,1,1,1,1,1,1,0,2,0,-64.12023460410556,17.967780339010186,39817.06577894322
46.0220000743866,46.019999980926514,0.0,0.0,1,0,0,1,1,0,1,1,0,0,0,1,1,1,2,1,1,2,1,0,-68.54838709677419,15.277401415088635,37746.85675663415
46.0220000743866,46.021000146865845,0.0,0.0,2,1,0,1,1,0,1,1,1,1,1,0,1,1,1,1,0,0,1,1,-63.91495601173021,17.46063473678101,38362.409986364575
46.020999908447266,46.01899981498718,0.0,0.0,0,1,0,1,1,1,1,1,1,1,1,1,1,1,1,1,1,0,1,1,-68.60703812316714,17.365759693544998,45228.11783166508
46.01899981498718,46.01799988746643,0.0,0.0,0,0,0,2,1,1,2,2,1,1,1,1,1,2,1,1,1,0,1,0,-73.37243401759531,14.86923610909955,50706.32200417215
46.026000022888184,46.021000146865845,0.0,0.0,0,1,1,1,1,0,1,1,2,1,1,1,1,0,0,1,1,0,1,2,-67.62463343108504,15.495535976515537,38680.13564347765
46.03500008583069,46.02900004386902,0.0,0.0,0,1,0,2,1,0,2,1,2,1,1,1,1,1,1,1,0,1,1,1,-68.03519061583577,16.087867884530233,41242.49794632379
46.0239999294281,46.02300000190735,0.0,0.0,0,1,1,1,1,0,2,1,1,1,1,0,1,1,1,1,1,0,1,1,-69.69208211143693,15.764812439592752,44345.38088293308
46.02499985694885,46.0239999294281,0.0,0.0,0,0,0,2,1,0,2,1,1,1,1,1,1,2,1,1,1,0,2,1,-70.77712609970675,15.755622229975247,45365.727138959184
46.02899980545044,46.02799987792969,0.0,0.0,1,0,0,1,1,0,2,1,0,1,1,1,1,1,1,1,0,2,2,0,-67.30205278592373,15.748790718991671,38441.549893258656
46.02199983596802,46.019999980926514,0.0,0.0,1,0,1,1,1,0,1,1,2,1,0,0,1,0,1,0,0,0,1,2,-66.20234604105573,17.572108747883686,36819.35565966253
46.03999996185303,46.037999868392944,0.0,0.0,0,1,0,0,1,1,1,1,1,1,1,1,1,1,1,1,1,0,1,1,-63.03519061583578,19.97116856538735,38696.86913375096
46.01900005340576,46.01900005340576,0.0,0.0,0,1,0,1,1,0,2,1,2,2,1,0,1,1,1,1,1,0,1,2,-71.30498533724342,15.134045030986796,48003.707688543494
46.02900004386902,46.02900004386902,0.0,0.0,0,1,0,1,1,0,2,1,1,0,1,1,1,1,1,1,1,1,1,1,-67.19941348973607,15.570388284670923,39064.84676998297
46.01900005340576,46.01800012588501,0.0,0.0,0,1,1,1,1,0,1,1,1,1,1,1,1,1,1,1,1,0,1,1,-71.09970674486804,15.912613065989841,46217.51587925592
46.01899981498718,46.01799988746643,0.0,0.0,0,1,0,2,1,0,2,1,1,0,1,0,1,1,1,1,1,0,1,2,-73.18181818181817,14.73495882633816,48857.473067811705
46.03999996185303,46.039000034332275,0.0,0.0,0,0,1,1,2,0,2,1,1,0,1,1,1,1,1,1,1,1,2,0,-65.65982404692082,16.504189083450818,37820.34047979062
46.031999826431274,46.031999826431274,0.0,0.0,1,1,0,2,1,0,2,1,1,1,1,1,1,1,1,1,1,0,2,1,-67.47800586510263,15.089604272011165,34654.89515000819
46.06699991226196,46.06699991226196,0.0,0.0,2,1,0,0,1,0,1,1,1,0,1,1,1,2,2,1,1,0,1,1,-71.3782991202346,14.421349678755716,45176.5685623656
46.03099989891052,46.02999997138977,0.0,0.0,0,0,1,1,1,1,1,1,1,1,1,1,1,2,1,1,0,0,1,0,-67.31671554252199,15.962880184333395,42901.60921943892
51.02900004386902,51.02500009536743,0.0,0.0,1,0,0,0,1,0,1,1,1,1,1,1,1,1,1,1,1,0,1,1,-69.3841642228739,17.296532116331825,42552.61146797628
46.02300000190735,46.02199983596802,0.0,0.0,0,0,1,2,1,1,1,2,1,1,1,1,1,2,1,1,1,0,1,0,-69.23753665689149,16.40157558817151,45987.87722963514
46.03599977493286,46.032999992370605,0.0,0.0,0,1,0,1,1,1,1,1,1,1,1,1,1,1,1,1,1,0,1,0,-69.8533724340176,14.63080327569277,41594.205409555114
46.021000146865845,46.019999980926514,0.0,0.0,0,2,0,1,1,0,1,0,1,1,1,0,1,2,2,1,0,1,1,2,-71.27565982404693,15.02544945293782,44668.00088834364
46.02800011634827,46.02000021934509,0.0,0.0,0,0,0,0,1,0,1,1,1,1,1,1,1,1,1,1,1,1,2,0,-65.05865102639295,16.582267913512272,37677.12935855715
46.02499985694885,46.0239999294281,0.0,0.0,0,1,0,0,1,0,1,1,1,1,1,1,1,1,1,1,1,0,1,1,-66.6275659824047,14.628637568921718,34617.05131624444
26.015000104904175,26.015000104904175,0.0,0.0,0,1,0,1,1,1,2,1,1,1,1,1,1,1,1,1,1,0,1,1,-69.04692082111437,15.389748808329678,44216.74742932167
46.019999980926514,46.01900005340576,0.0,0.0,0,1,1,1,2,2,1,1,1,1,1,1,1,0,1,1,1,1,1,1,-73.09384164222874,15.005071926731475,49730.36356095606
46.019999980926514,46.01900005340576,0.0,0.0,0,0,1,1,1,0,1,1,1,2,1,1,1,1,1,1,2,1,2,1,-73.79765395894427,13.262776998931963,47715.255543966894
46.020999908447266,46.019999980926514,0.0,0.0,1,1,0,1,1,0,2,1,1,1,1,1,1,1,1,1,1,0,1,1,-71.86217008797655,14.204117390201198,44161.47886968573
46.019999980926514,46.01900005340576,0.0,0.0,0,1,0,1,1,1,2,1,1,1,1,1,1,1,1,1,0,0,1,1,-72.81524926686218,15.078261613742624,49657.35200878834
51.026999950408936,51.02499985694885,0.0,0.0,0,1,0,1,1,0,2,1,1,1,1,0,1,1,1,1,1,0,1,1,-71.34897360703813,17.20619812558943,48697.932779780196
46.026000022888184,46.02300000190735,0.0,0.0,0,1,0,1,1,1,2,1,1,1,1,1,1,1,1,1,1,0,1,0,-68.66568914956011,16.035247690569303,43427.61581609781
46.020999908447266,46.019999980926514,0.0,0.0,0,1,0,1,1,1,1,1,1,1,1,1,1,0,1,1,1,0,1,1,-71.0117302052786,15.141819029229541,43692.04244512755
46.020999908447266,46.019999980926514,0.0,0.0,0,0,1,1,2,1,1,1,2,2,1,1,1,1,1,1,1,1,1,1,-71.74486803519062,16.61281093198762,48549.81989354768
46.0220000743866,46.020999908447266,0.0,0.0,1,0,0,1,1,0,1,1,1,1,1,1,1,1,1,1,1,0,1,1,-73.9149560117302,13.910466846297473,48478.81038926104
46.021000146865845,46.019999980926514,0.0,0.0,0,1,0,1,1,0,1,1,1,1,1,0,1,1,1,1,1,0,1,1,-71.30498533724338,16.46117894980398,48690.491545263794
46.02300000190735,46.019999980926514,0.0,0.0,0,1,1,1,2,1,2,1,1,1,1,1,1,1,1,1,1,0,1,1,-68.90029325513197,15.97648468475328,44403.5742593139
46.02800011634827,46.027000188827515,0.0,0.0,0,0,0,1,2,0,1,1,1,1,1,1,1,1,1,1,1,1,2,1,-74.0175953079179,13.438436315322578,49278.35914288588
46.02999997138977,46.020999908447266,0.0,0.0,0,1,1,1,2,1,1,1,1,0,1,1,1,1,1,1,1,1,1,1,-69.633431085044,14.56378855138261,40967.87100677003
46.019999980926514,46.01899981498718,0.0,0.0,1,1,0,1,1,0,1,1,1,1,1,1,1,1,1,1,1,0,1,1,-74.79472140762462,14.194235587521987,50528.43016362365
46.019999980926514,46.01900005340576,0.0,0.0,0,0,0,1,2,0,1,1,1,1,1,1,1,1,1,1,1,1,1,1,-73.09384164222874,14.94855743949343,50633.31045200443
46.0220000743866,46.021000146865845,0.0,0.0,0,1,1,1,2,0,1,1,2,1,1,1,1,1,1,2,1,0,1,1,-70.32258064516128,15.011623785680083,44097.34729537843
46.019999980926514,46.01900005340576,0.0,0.0,0,1,0,1,1,1,2,1,1,1,1,1,1,0,1,1,0,0,1,1,-71.21700879765396,14.072153994309415,45251.30342751325
46.021000146865845,46.019999980926514,0.0,0.0,0,1,1,1,2,1,1,1,1,1,1,1,1,1,1,1,1,1,1,1,-69.69208211143696,18.517842243906813,46541.43066915573
46.020999908447266,46.019999980926514,0.0,0.0,0,1,0,1,1,0,2,0,1,1,1,1,1,1,1,1,0,1,1,1,-76.56891495601172,11.237491223359804,51765.23778420227
51.0239999294281,51.02300000190735,0.0,0.0,0,1,0,1,1,0,1,1,1,1,0,1,1,1,1,1,1,1,2,1,-68.85630498533725,17.356667434975645,45142.833355093244
46.019999980926514,46.01899981498718,0.0,0.0,0,0,1,1,1,0,1,1,1,2,1,2,1,1,1,1,2,1,2,1,-70.13196480938416,14.452662146731303,43799.85597624151
46.020999908447266,46.019999980926514,0.0,0.0,0,2,1,1,1,1,1,1,1,0,1,1,1,1,1,1,1,1,1,1,-71.14369501466277,14.099828473857015,42903.58512686752
51.0220000743866,51.019999980926514,0.0,0.0,0,1,1,0,1,0,1,1,1,1,1,1,1,1,0,1,1,0,1,1,-75.5425219941349,14.755502327111827,51947.136451184895
46.0220000743866,46.020999908447266,0.0,0.0,0,1,1,1,2,0,2,2,1,1,1,2,1,1,1,1,1,1,1,1,-68.75366568914957,14.898999767640333,44440.75097714513
46.02300000190735,46.02199983596802,0.0,0.0,0,1,0,1,1,0,1,1,1,1,1,1,1,1,1,1,0,1,1,0,-72.40469208211144,12.021352101528034,45104.89565716343
46.020999908447266,46.019999980926514,0.0,0.0,0,0,1,1,1,1,1,1,2,1,1,2,1,1,1,1,1,1,1,1,-69.03225806451613,15.804419800681467,41359.530046046246
46.0220000743866,46.019999980926514,0.0,0.0,0,1,1,1,1,1,1,1,1,0,1,1,1,1,1,1,1,1,2,1,-74.79472140762464,14.380828745393812,50229.4361976637
46.02300000190735,46.02199983596802,0.0,0.0,0,1,0,1,1,0,2,1,1,1,0,1,1,1,1,1,0,1,1,1,-75.24926686217009,14.439228441696244,49789.069615946806
46.02199983596802,46.020999908447266,0.0,0.0,0,1,0,1,1,1,1,1,2,1,1,1,1,1,1,1,1,0,1,1,-68.56304985337245,16.6341372682925,44920.94304045795
46.0239999294281,46.01799988746643,0.0,0.0,0,0,0,1,1,0,1,1,1,1,1,1,1,1,1,1,0,1,1,0,-72.9032258064516,15.003721993976454,49981.11732626088
46.021000146865845,46.01900005340576,0.0,0.0,0,1,0,1,1,1,2,1,1,1,1,1,1,1,1,1,0,0,1,0,-67.41935483870967,16.997324368527977,39416.71113930561
51.0239999294281,51.02300000190735,0.0,0.0,0,1,1,1,2,1,1,1,1,1,1,1,1,1,1,1,1,0,2,0,-69.26686217008799,17.103429845141168,42659.611663951684
46.019999980926514,46.01900005340576,0.0,0.0,0,1,1,1,1,1,2,1,1,0,1,0,1,1,1,1,1,1,1,1,-71.39296187683286,12.675120736994831,41086.52018166505
46.019999980926514,46.019999980926514,0.0,0.0,0,0,0,1,2,0,1,1,1,1,1,1,1,1,1,1,1,0,1,1,-73.72434017595307,16.42873553208882,49426.7999757027
46.01900005340576,46.01699995994568,0.0,0.0,0,1,1,1,2,1,1,1,2,1,1,2,1,1,1,1,1,1,1,1,-68.40175953079178,16.323838648277277,42586.42709727812
46.021000146865845,46.01900005340576,0.0,0.0,0,0,0,1,1,0,1,1,1,1,1,1,1,1,1,1,1,0,2,1,-75.3225806451613,11.528704176656523,49782.13936347277
46.02300000190735,46.0220000743866,0.0,0.0,0,1,1,1,1,1,1,1,1,0,1,1,1,1,1,1,1,2,1,1,-68.72434017595307,16.469150991335123,41847.06654960129
51.0220000743866,51.020999908447266,0.0,0.0,0,1,1,1,1,1,1,1,1,0,1,1,1,1,1,1,1,1,1,1,-75.17595307917888,14.653886806362301,52163.08580550506
46.02300000190735,46.02199983596802,0.0,0.0,0,1,1,1,1,1,1,1,1,1,0,0,1,1,1,1,0,1,2,1,-75.93841642228739,14.77820731612176,52918.54590455521
46.026000022888184,46.02500009536743,0.0,0.0,0,1,0,1,1,0,1,1,1,1,1,1,1,1,1,1,0,0,1,1,-70.51319648093842,16.790374409607733,45976.70929151241
46.019999980926514,46.019999980926514,0.0,0.0,0,1,1,1,1,0,1,1,1,0,1,1,1,1,1,1,1,1,1,1,-69.44281524926686,17.27092037441547,45886.93096377446
51.021000146865845,51.01900005340576,0.0,0.0,0,1,1,1,2,1,2,1,1,1,1,2,1,1,1,1,1,0,1,2,-73.41642228739003,15.13703550279954,49131.58564533338
46.026000022888184,46.01900005340576,0.0,0.0,0,2,1,1,1,1,1,1,1,0,1,1,1,1,1,1,1,1,2,1,-72.5659824046921,12.50615926184975,45001.3048421534
46.021000146865845,46.01900005340576,0.0,0.0,0,1,1,0,1,0,1,1,1,1,1,1,1,1,1,1,1,0,1,1,-74.85337243401759,14.397626120516506,48817.66016257649
46.02300000190735,46.0220000743866,0.0,0.0,1,1,0,1,1,0,1,1,1,1,1,1,1,1,1,1,1,0,2,1,-71.0557184750733,14.514795993177955,46154.85875218305
46.02300000190735,46.02199983596802,0.0,0.0,0,1,0,1,1,2,1,1,1,2,1,1,1,1,1,1,1,1,1,0,-72.37536656891496,14.777326740466794,47503.83416339602
46.0220000743866,46.019999980926514,0.0,0.0,0,1,0,1,1,0,1,1,1,0,1,1,1,1,1,1,1,0,1,1,-72.09677419354838,13.14623178248281,43667.03714654372
46.02300000190735,46.02199983596802,0.0,0.0,0,1,0,1,2,1,1,1,1,1,1,1,1,1,1,1,1,0,1,0,-69.29618768328446,17.103562164307164,45682.5541243717
46.02199983596802,46.019999980926514,0.0,0.0,1,1,0,2,1,0,2,1,1,1,1,1,1,1,1,1,1,0,1,1,-70.19061583577712,14.225705925094971,42277.885147412075
51.0220000743866,51.020999908447266,0.0,0.0,0,1,1,1,1,0,1,1,1,1,1,1,1,1,1,1,0,1,2,1,-72.0674486803519,14.806786053442497,48306.04485097401
46.0220000743866,46.020999908447266,0.0,0.0,0,1,0,1,2,0,1,1,1,1,1,1,1,1,1,1,1,1,1,1,-72.49266862170089,14.884752568143202,46206.486196127735
46.021000146865845,46.019999980926514,0.0,0.0,0,1,0,0,1,0,1,1,1,1,1,1,1,1,1,1,0,0,1,1,-71.95014662756599,13.196403765787622,46040.166202119064
46.021000146865845,46.02000021934509,0.0,0.0,0,0,1,1,1,0,1,1,1,2,1,1,0,1,1,1,2,1,2,1,-67.43401759530792,17.08115255120832,43184.3166481458
46.026000022888184,46.01900005340576,0.0,0.0,0,0,1,1,2,0,1,1,1,1,0,1,1,1,1,1,1,1,2,1,-70.38123167155426,16.299732326065346,43044.54150767827
51.020999908447266,51.020999908447266,0.0,0.0,0,1,1,1,1,1,2,1,1,0,1,1,1,1,1,1,1,0,1,1,-69.25219941348973,14.360923319400275,41405.03265143068
46.021000146865845,46.01900005340576,0.0,0.0,0,1,0,1,2,1,1,2,1,1,1,1,1,1,1,1,1,1,2,1,-73.38709677419357,16.275520774077897,50431.66726323882
46.01900005340576,46.01800012588501,0.0,0.0,0,1,0,1,1,0,2,1,1,1,1,1,1,0,1,1,1,0,1,1,-73.28445747800588,12.631273799625198,46058.120490949776
46.03000020980835,46.02300000190735,0.0,0.0,0,1,0,1,1,0,1,1,1,1,1,1,1,1,1,1,1,0,1,1,-69.17888563049853,16.924470694587086,43786.90119110978
51.02300000190735,51.020999908447266,0.0,0.0,0,1,1,1,2,1,1,1,2,2,1,1,1,1,1,1,1,1,1,1,-71.09970674486803,15.425294766121116,46919.36174495032
46.021000146865845,46.019999980926514,0.0,0.0,0,1,0,1,2,1,1,1,1,1,1,1,1,1,2,1,1,1,1,0,-75.65982404692082,11.586947409708644,50421.62929600167
46.020999908447266,46.019999980926514,0.0,0.0,0,1,0,1,1,1,1,1,1,1,1,1,1,1,1,1,0,0,2,0,-71.64222873900293,12.705304086406803,42931.75145799342
46.019999980926514,46.01900005340576,0.0,0.0,0,1,1,1,1,1,1,1,1,1,1,1,1,1,1,1,0,0,1,1,-68.841642228739,16.641557291553774,40506.09381855937
51.0239999294281,51.02199983596802,0.0,0.0,0,1,1,1,2,1,1,1,1,1,1,1,1,1,1,1,1,0,1,1,-73.6950146627566,16.426724203862776,51612.00254585766
46.01899981498718,46.01799988746643,0.0,0.0,0,1,1,1,1,1,2,1,1,1,1,1,1,1,1,1,1,0,1,1,-74.29618768328446,13.210116259973038,50254.317586101955
46.031999826431274,46.0239999294281,0.0,0.0,0,1,0,1,2,2,1,1,1,2,1,1,1,1,1,1,1,1,1,0,-75.1759530791789,14.026406014865563,51668.47488381744
46.02799987792969,46.01900005340576,0.0,0.0,0,1,0,1,2,0,2,2,1,1,0,2,0,1,1,1,0,0,1,2,-70.92375366568915,12.294379603216637,41276.92140561216
51.0239999294281,51.02300000190735,0.0,0.0,0,1,1,1,2,1,2,1,1,1,1,0,1,1,1,1,1,0,1,1,-62.69794721407625,17.206329654452492,34986.38575690344
46.020999908447266,46.01899981498718,0.0,0.0,0,1,0,1,1,0,2,1,1,1,1,1,1,1,1,1,0,0,1,1,-71.9208211143695,14.541207887463818,46762.57165724944
46.02799987792969,46.020999908447266,0.0,0.0,0,1,1,1,2,0,1,1,1,1,1,2,1,1,1,1,1,1,1,1,-69.16422287390029,17.32160298288468,44910.97252055837
46.026999950408936,46.01900005340576,0.0,0.0,0,1,0,1,1,1,2,1,2,1,1,1,1,1,1,1,0,1,1,1,-73.24046920821114,11.88197655761132,46720.38378216223
51.0220000743866,51.020999908447266,0.0,0.0,0,1,0,1,2,2,1,1,1,1,1,1,1,1,1,1,1,1,1,1,-72.91788856304987,16.08259883717838,49483.64829996922
46.01900005340576,46.01799988746643,0.0,0.0,1,1,0,0,1,0,1,1,1,1,1,1,1,1,1,1,1,0,1,1,-73.4017595307918,12.306458366521069,47933.64633172998
61.033000230789185,61.02300000190735,0.0,0.0,0,1,1,1,1,0,1,1,1,0,1,2,1,1,1,1,1,1,1,1,-71.04105571847506,15.198091376504516,47930.69613637577
46.019999980926514,46.019999980926514,0.0,0.0,0,1,1,1,1,0,1,1,1,1,1,1,1,1,1,1,1,1,1,1,-72.74193548387098,15.109860307437305,47873.69190251517
46.0220000743866,46.020999908447266,0.0,0.0,1,1,0,0,1,2,0,1,1,1,1,1,1,1,1,1,1,0,2,0,-75.2199413489736,12.606739787893115,50368.393265912004
46.0220000743866,46.020999908447266,0.0,0.0,0,1,0,1,1,1,2,1,1,1,1,0,1,1,1,1,0,0,1,1,-68.28445747800586,16.320621907017546,38704.46197511759
51.02300000190735,51.020999908447266,0.0,0.0,0,1,1,1,2,0,1,1,2,1,1,1,1,1,1,1,1,1,1,1,-69.22287390029325,17.753182507356584,46182.14529414376
46.02199983596802,46.020999908447266,0.0,0.0,0,1,1,1,0,0,1,1,1,1,1,1,1,1,2,1,1,1,1,1,-73.43108504398826,12.08163190958935,47253.07284706916
46.020999908447266,46.019999980926514,0.0,0.0,0,1,1,1,1,1,1,1,1,1,1,1,1,2,1,1,1,0,1,1,-71.5982404692082,11.726452170081046,44731.10789652991
51.02300000190735,51.02199983596802,0.0,0.0,0,1,1,1,1,0,1,1,1,1,1,1,1,1,1,1,1,1,0,1,-75.04398826979472,13.863018174826301,51566.18227172129
46.02499985694885,46.0239999294281,0.0,0.0,0,1,1,1,2,0,2,2,1,1,0,2,1,1,1,1,1,1,1,1,-73.108504398827,12.520492165029701,44109.4406886952
46.021000146865845,46.019999980926514,0.0,0.0,0,0,0,0,1,0,1,1,1,1,1,1,1,1,1,1,1,0,1,1,-70.14662756598241,13.372325705011889,43603.9459789627
46.0220000743866,46.021000146865845,0.0,0.0,0,0,0,1,1,0,1,1,1,1,1,1,1,1,1,1,0,1,1,1,-67.36070381231671,16.505615111382475,42273.92852258104
51.020999908447266,51.019999980926514,0.0,0.0,0,1,0,1,1,1,1,1,1,1,1,1,1,1,1,1,0,0,1,0,-69.50146627565982,17.377621354647125,45455.03225513412
51.02300000190735,51.0220000743866,0.0,0.0,0,1,1,1,1,0,1,1,1,1,1,1,1,1,1,1,1,1,2,1,-69.54545454545453,17.029880595265244,43635.570107167776
46.019999980926514,46.01900005340576,0.0,0.0,0,1,0,1,2,0,1,2,1,1,1,1,1,1,1,1,1,1,2,1,-74.47214076246334,12.175330851486247,47238.9169773036
46.021000146865845,46.019999980926514,0.0,0.0,0,1,0,1,2,1,1,1,2,0,1,2,1,1,1,1,1,1,1,1,-70.67448680351907,12.642413138707706,42271.160231727954
46.02300000190735,46.0220000743866,0.0,0.0,0,1,0,2,1,0,1,1,1,1,1,1,1,1,1,1,1,0,2,1,-71.48093841642229,15.23438164836786,46607.22042003278
51.02300000190735,51.02199983596802,0.0,0.0,1,1,0,1,1,0,2,1,1,1,1,1,1,1,1,1,1,0,2,1,-69.67741935483872,14.605661334216686,42438.5782985276
46.019999980926514,46.01800012588501,0.0,0.0,0,1,0,1,2,0,1,1,1,1,1,1,1,1,1,1,1,0,1,1,-72.14076246334311,14.90280431343465,46527.87572017993
46.021000146865845,46.02000021934509,0.0,0.0,0,1,0,0,1,0,1,1,1,1,1,1,1,1,1,1,1,0,1,1,-70.04398826979471,14.837445277261114,44529.24600401876
46.0220000743866,46.021000146865845,0.0,0.0,0,1,0,1,2,0,2,1,1,1,1,1,1,1,1,1,0,0,2,1,-69.04692082111437,15.389748808329678,44216.74742932167
46.020999908447266,46.019999980926514,0.0,0.0,0,1,0,1,1,0,1,1,1,1,1,1,1,1,1,1,0,0,1,2,-67.63929618768329,16.24473367078707,39391.380491018404
51.0220000743866,51.020999908447266,0.0,0.0,0,1,0,1,2,1,1,1,1,1,1,1,1,1,1,1,1,0,1,1,-68.75366568914956,16.821346799980148,42867.7704058602
46.0220000743866,46.019999980926514,0.0,0.0,0,1,1,1,1,2,1,1,1,2,1,1,1,1,1,1,2,1,1,1,-72.25806451612902,14.370729872431623,48316.20626324059
46.02000021934509,46.01900005340576,0.0,0.0,0,1,1,1,1,1,1,1,1,1,1,1,1,1,1,1,1,1,2,1,-75.76246334310851,11.56124456714767,51127.25419464568
51.026000022888184,51.02500009536743,0.0,0.0,0,1,0,1,1,0,2,1,1,1,0,1,1,1,1,1,1,0,1,1,-76.99413489736071,11.484726926777592,51025.877236525426
46.02300000190735,46.02199983596802,0.0,0.0,0,1,0,1,2,0,1,1,1,1,1,1,1,0,1,2,1,0,1,1,-68.53372434017595,16.120218164423896,44442.45362353351
46.020999908447266,46.019999980926514,0.0,0.0,0,1,1,1,1,0,1,1,1,0,1,1,1,1,1,1,1,1,2,1,-67.90322580645162,16.029093062472345,41881.8946719387
31.062000036239624,31.061000108718872,0.0,0.0,0,1,0,1,2,0,1,1,1,1,1,1,1,1,1,1,1,0,2,1,-72.72727272727273,14.682191164183672,46002.10935672499
46.019999980926514,46.01899981498718,0.0,0.0,0,1,1,1,1,1,1,1,1,1,1,1,1,1,1,1,1,1,2,1,-69.35483870967741,14.37013143126791,41399.76971541036
51.02300000190735,51.0220000743866,0.0,0.0,0,1,1,2,1,1,2,1,1,1,1,1,0,1,1,1,1,1,0,1,-76.99413489736071,11.484726926777592,51025.877236525426
46.020999908447266,46.019999980926514,0.0,0.0,0,0,0,1,1,0,1,1,1,1,1,1,1,1,1,1,1,1,1,1,-73.1524926686217,14.748161523054813,44452.19798487915
46.019999980926514,46.01900005340576,0.0,0.0,0,1,1,1,1,1,0,1,1,1,1,1,1,1,1,0,1,1,0,1,-71.45161290322581,15.484395672729013,46487.46303630999
51.026999950408936,51.0239999294281,0.0,0.0,0,1,1,1,2,0,1,1,1,1,1,1,1,1,1,1,1,1,1,1,-72.28739002932552,16.764482125055284,44962.785618573645
46.02400016784668,46.02300000190735,0.0,0.0,0,1,1,1,2,1,2,1,1,1,1,1,1,1,0,1,1,1,0,1,-73.94428152492668,11.945953489272062,47978.27752498044
46.01900005340576,46.01900005340576,0.0,0.0,0,1,1,1,1,1,1,1,1,1,2,1,1,1,1,1,0,1,1,1,-71.90615835777126,12.818973133102421,42816.21898873145
51.02300000190735,51.0220000743866,0.0,0.0,1,1,1,1,1,1,1,0,1,1,1,1,0,1,0,0,0,1,1,1,-74.98533724340176,14.776560979850675,52372.4479048576
46.0220000743866,46.020999908447266,0.0,0.0,0,1,2,0,1,0,2,1,2,0,1,1,1,1,2,1,1,1,2,1,-70.16129032258064,21.02196234707764,51745.068507490054
46.0220000743866,46.0220000743866,0.0,0.0,0,1,1,1,1,1,1,0,1,1,1,1,1,1,1,0,0,1,1,1,-68.38709677419354,13.900416990923839,39772.222371019336
51.02300000190735,51.02199983596802,0.0,0.0,0,2,1,1,1,1,2,1,1,0,1,0,1,1,1,1,1,1,1,1,-71.93548387096774,18.601448821921153,50862.16493748133
46.02199983596802,46.020999908447266,0.0,0.0,0,1,1,1,1,1,1,1,1,1,1,1,1,0,1,1,1,1,0,1,-73.32844574780059,16.351985821785046,48455.39052233238
46.02300000190735,46.0220000743866,0.0,0.0,0,1,1,1,0,1,1,1,1,1,1,1,0,1,1,1,1,1,0,1,-74.03225806451613,14.518654454864551,45739.89883729257
51.0239999294281,51.02300000190735,0.0,0.0,0,2,1,1,1,1,1,1,1,1,1,1,1,1,1,1,1,1,1,2,-71.42228739002933,14.22608772800349,41999.23210404644
51.020999908447266,51.019999980926514,0.0,0.0,0,1,2,0,1,1,1,1,1,1,1,1,1,1,1,1,1,1,1,1,-76.61290322580645,11.178520492986683,50164.78351384926
46.02300000190735,46.02199983596802,0.0,0.0,0,1,0,1,1,0,1,1,1,1,1,1,1,2,1,1,0,1,1,1,-75.11730205278593,12.282224470544136,50483.68354807449
46.02199983596802,46.020999908447266,0.0,0.0,0,1,1,1,2,1,1,1,1,1,1,1,1,1,1,0,1,1,0,1,-70.77712609970675,15.92506682149844,46319.60010656253
51.020999908447266,51.019999980926514,0.0,0.0,0,1,1,1,2,1,1,1,1,1,1,1,1,1,1,0,1,1,1,1,-72.65395894428151,13.918078744731353,44524.58676407426
46.019999980926514,46.01899981498718,0.0,0.0,0,1,1,1,1,1,1,1,1,1,1,1,1,1,1,1,2,1,1,1,-74.76539589442817,14.080578576529506,50783.53934129106
51.02199983596802,51.019999980926514,0.0,0.0,0,1,1,1,2,1,2,1,1,1,1,1,1,1,1,1,0,0,1,1,-77.2140762463343,11.789516667253238,53639.138134545894
51.0239999294281,51.02300000190735,0.0,0.0,0,1,1,1,1,1,1,1,1,1,1,1,1,2,1,1,0,0,1,1,-72.41935483870968,15.880438413347852,48245.92836171
46.021000146865845,46.019999980926514,0.0,0.0,0,1,1,1,2,1,1,1,0,0,1,1,1,1,1,0,1,1,0,1,-73.2991202346041,16.426827531518725,50533.75149054543
46.020999908447266,46.01899981498718,0.0,0.0,0,1,1,1,2,1,1,1,1,1,1,1,1,1,1,1,0,1,1,1,-69.14956011730206,17.318290611261368,41837.369787673095
51.02300000190735,51.0220000743866,0.0,0.0,0,1,1,1,1,1,2,1,1,1,0,1,0,1,1,1,0,0,1,1,-74.72140762463343,14.1540398059869,50732.80700302639
46.0239999294281,46.02300000190735,0.0,0.0,0,1,2,1,1,1,2,1,1,1,1,1,1,1,1,1,1,1,1,1,-69.61876832844573,19.267741938890108,48018.15706243338
51.02199983596802,51.02199983596802,0.0,0.0,0,1,1,1,1,1,1,1,1,1,1,0,1,1,1,1,0,1,2,1,-76.80351906158359,11.755606083741393,52210.33942048706
46.020999908447266,46.019999980926514,0.0,0.0,0,1,0,1,1,1,1,1,1,1,1,1,1,1,1,1,1,1,1,0,-72.85923753665689,15.674747050669486,47477.65896971313
51.02300000190735,51.02199983596802,0.0,0.0,0,2,1,1,1,1,2,1,1,0,1,1,1,1,1,1,1,1,0,1,-73.59237536656892,13.933225095916745,46178.92108644394
51.02400016784668,51.02300000190735,0.0,0.0,0,1,2,1,2,1,2,1,1,1,1,1,1,1,1,1,1,1,1,1,-73.2258064516129,15.026541402050242,44712.225430752005
46.01900005340576,46.01800012588501,0.0,0.0,0,1,0,1,1,1,1,1,1,1,1,1,1,1,1,1,0,1,1,0,-75.70381231671554,11.2798543524681,49820.22367955549
51.0220000743866,51.021000146865845,0.0,0.0,0,1,1,1,1,2,1,1,1,1,1,1,1,1,1,1,0,0,1,1,-71.58357771260998,16.02412952538812,45146.490305268075
46.019999980926514,46.01900005340576,0.0,0.0,0,1,1,1,1,1,2,1,1,0,1,0,1,1,1,1,1,1,2,1,-73.02052785923753,16.272774293725305,49718.522416246735
51.02199983596802,51.020999908447266,0.0,0.0,0,1,1,1,1,0,1,1,1,1,1,2,0,1,1,1,1,1,1,2,-73.02052785923755,16.03517006662382,46297.32368709429
46.02199983596802,46.020999908447266,0.0,0.0,0,1,2,1,1,0,1,1,1,1,1,1,1,1,1,1,1,2,1,1,-72.30205278592375,14.549796400999366,44974.401603172075
46.019999980926514,46.01900005340576,0.0,0.0,0,1,1,1,1,1,1,1,1,1,1,0,1,2,2,1,0,1,1,1,-73.88563049853373,12.312479519103006,48643.87750543117
51.0239999294281,51.02300000190735,0.0,0.0,0,1,1,1,1,1,2,1,1,1,1,1,1,1,1,1,1,0,1,1,-72.4633431085044,16.11931964223172,48671.83031549034
46.020999908447266,46.019999980926514,0.0,0.0,0,1,0,1,2,1,1,1,1,1,1,1,1,1,1,1,0,1,1,0,-75.1759530791789,14.026406014865563,51668.47488381744
51.02500009536743,51.02300000190735,0.0,0.0,0,1,1,1,1,1,1,1,1,1,2,1,1,2,1,1,0,1,1,1,-70.64516129032258,15.261105262655727,42756.37456433651
46.0220000743866,46.0220000743866,0.0,0.0,0,1,1,1,1,0,1,1,1,1,1,1,1,1,1,1,0,1,1,1,-74.7507331378299,14.814433893238917,51294.19684954538
51.0220000743866,51.021000146865845,0.0,0.0,0,1,1,1,2,1,1,1,1,1,1,1,1,1,1,0,0,1,1,1,-73.24046920821114,15.339787076543443,49335.96248473614
46.02300000190735,46.0220000743866,0.0,0.0,0,1,0,1,2,0,1,1,1,1,1,1,1,1,1,1,1,0,1,1,-72.93255131964811,16.332217224324378,49751.108560115186
46.019999980926514,46.01799988746643,0.0,0.0,0,1,1,1,1,1,2,1,1,0,1,0,1,1,1,1,1,1,1,1,-70.04398826979471,14.837445277261114,44529.24600401876
51.0239999294281,51.0220000743866,0.0,0.0,0,1,1,1,1,0,1,1,1,1,0,1,1,1,1,1,1,2,1,1,-73.72434017595307,16.42873553208882,49426.7999757027
46.021000146865845,46.019999980926514,0.0,0.0,0,1,0,1,2,0,2,1,1,1,1,1,1,1,1,1,1,0,1,1,-72.31671554252199,14.158132454183388,48111.983488661135
51.02500009536743,51.02300000190735,0.0,0.0,0,2,1,1,1,1,2,1,1,0,1,1,1,1,1,1,1,1,1,1,-69.73607038123166,14.91361273263734,43553.287560802666
46.0239999294281,46.02199983596802,0.0,0.0,0,1,1,1,1,1,1,1,1,0,1,1,1,1,1,0,1,1,1,1,-75.30791788856305,14.902986542747433,50971.1780079688
51.02199983596802,51.02199983596802,0.0,0.0,0,1,1,1,1,1,2,1,1,0,1,1,1,1,2,1,1,1,1,2,-74.12023460410558,16.908677818881838,51936.84746164401
46.02199983596802,46.019999980926514,0.0,0.0,0,1,1,1,1,1,1,1,1,0,1,0,1,1,1,1,1,1,1,1,-74.04692082111437,14.078336265081186,48066.37301590591
51.0239999294281,51.0220000743866,0.0,0.0,0,1,0,1,1,0,1,1,1,1,1,1,1,1,2,1,1,1,1,1,-73.94428152492668,16.243340470120803,50402.75841891879
46.021000146865845,46.01900005340576,0.0,0.0,0,1,0,1,2,1,2,1,1,0,0,1,1,1,1,1,1,0,1,1,-72.24340175953078,13.308769240615227,47573.22805553167
51.026999950408936,51.026000022888184,0.0,0.0,0,1,1,1,1,1,1,1,1,1,1,1,1,2,1,1,1,0,2,1,-67.90322580645162,16.83183753890837,44602.490521245156
46.019999980926514,46.01899981498718,0.0,0.0,0,1,1,1,1,1,1,1,1,0,1,1,1,1,1,0,1,1,0,1,-74.29618768328447,13.462286775049327,48436.705983112886
51.02500009536743,51.0220000743866,0.0,0.0,0,1,1,1,1,1,1,1,1,1,1,1,1,1,1,1,0,1,2,1,-72.05278592375366,16.759243502733874,45677.89488442721
46.021000146865845,46.019999980926514,0.0,0.0,0,1,0,1,2,1,2,1,1,0,1,1,1,1,1,1,1,1,1,1,-74.98533724340176,14.481391066594561,49993.44645534956
51.02300000190735,51.0220000743866,0.0,0.0,0,1,1,1,1,1,1,1,1,1,1,1,1,2,1,2,1,1,1,1,-72.49266862170089,15.432078837666863,47614.36039754619
46.01900005340576,46.01799988746643,0.0,0.0,0,1,1,1,1,1,1,1,1,0,1,0,1,1,1,1,1,0,1,1,-76.96480938416423,12.022698073626724,52586.253248366
51.0220000743866,51.020999908447266,0.0,0.0,0,1,1,1,1,1,1,1,1,0,1,1,1,1,1,1,1,0,1,1,-71.5542521994135,17.188011155415023,48891.83822081848
46.0220000743866,46.020999908447266,0.0,0.0,0,1,2,1,1,1,2,1,1,1,1,1,0,1,1,1,1,1,1,1,-73.6217008797654,16.16994488365949,51407.62570645491
51.026000022888184,51.02400016784668,0.0,0.0,0,1,0,1,1,1,1,1,1,1,1,1,1,2,1,1,1,1,2,1,-75.30791788856304,14.813425612896912,51093.402058479594
46.0220000743866,46.021000146865845,0.0,0.0,1,1,1,1,2,1,1,1,1,1,1,1,1,1,1,1,0,0,1,2,-74.61876832844574,13.41148951580167,48009.51485835182
51.0220000743866,51.02000021934509,0.0,0.0,0,2,1,1,1,1,1,1,1,1,1,1,1,1,1,1,1,1,0,1,-74.07624633431087,14.925383781123474,49916.67495406593
46.019999980926514,46.01800012588501,0.0,0.0,0,1,1,1,1,1,2,1,1,1,1,0,1,1,1,1,1,1,1,2,-75.2199413489736,12.106370166703575,46924.99149454671
51.02500009536743,51.0239999294281,0.0,0.0,0,1,1,1,1,1,1,1,1,1,1,1,1,1,0,1,0,0,1,1,-74.66275659824046,13.268961147998807,47644.44703836706
46.01800012588501,46.01700019836426,0.0,0.0,0,1,1,1,1,1,1,1,1,1,1,0,1,1,1,1,1,1,2,1,-71.39296187683286,17.21813027817994,49897.89477081974
51.03200006484985,51.020999908447266,0.0,0.0,0,1,2,1,1,1,1,1,1,1,1,1,1,1,1,1,0,1,0,1,-74.9266862170088,13.336364815577316,48510.089750889005
46.0220000743866,46.020999908447266,0.0,0.0,0,1,1,1,2,0,1,1,1,1,1,1,1,1,1,0,0,1,1,1,-73.07917888563051,14.519628651719888,45894.91450531047
51.0220000743866,51.020999908447266,0.0,0.0,0,2,1,1,1,1,1,1,1,0,1,1,1,1,1,1,1,0,1,1,-70.45454545454547,16.379200361328465,45964.14830089337
46.021000146865845,46.019999980926514,0.0,0.0,0,1,1,1,1,0,1,1,1,0,1,1,1,2,1,1,0,1,1,1,-73.22580645161291,16.090990510612308,50436.216253084596
51.026000022888184,51.0239999294281,0.0,0.0,0,1,1,1,1,0,2,1,1,1,1,1,1,1,1,1,0,1,1,1,-71.07038123167156,17.237782220407507,47020.903808845294
46.0220000743866,46.019999980926514,0.0,0.0,0,1,1,1,1,1,2,1,1,0,1,1,0,2,1,1,1,0,1,1,-72.99120234604106,15.505318227088962,48360.00404152005
51.0310001373291,51.0220000743866,0.0,0.0,0,1,1,1,1,0,1,1,2,1,1,1,1,2,1,1,1,1,1,1,-71.45161290322582,18.247985145130887,48236.47884591913
46.020999908447266,46.019999980926514,0.0,0.0,0,1,1,1,1,1,2,1,1,1,0,1,1,1,1,1,1,0,1,1,-74.31085043988269,12.835839699595523,48564.937532688506
51.0220000743866,51.019999980926514,0.0,0.0,0,1,1,1,2,1,1,1,2,1,1,0,1,1,1,1,1,1,1,1,-72.90322580645162,15.383549243913896,50167.52520561671
51.0220000743866,51.020999908447266,0.0,0.0,0,2,0,1,1,1,1,1,1,1,1,1,1,1,1,1,0,1,1,1,-73.90029325513197,13.128565957472501,48524.24562065456
51.02300000190735,51.02199983596802,0.0,0.0,0,1,1,1,1,1,2,1,1,1,1,1,1,1,1,1,1,1,2,2,-73.31378299120234,15.83120328612385,50213.40196772627
46.019999980926514,46.01900005340576,0.0,0.0,0,1,1,0,1,1,1,1,1,1,1,1,1,1,1,1,0,0,1,1,-76.0117302052786,11.175574419715943,47030.75823539508
51.02900004386902,51.019999980926514,0.0,0.0,0,1,1,1,2,1,1,1,1,1,1,1,1,1,1,1,0,1,1,2,-71.55425219941348,16.268323315990585,48909.388230229
46.02300000190735,46.020999908447266,0.0,0.0,0,0,0,1,1,1,1,1,1,1,1,1,1,2,1,1,1,0,1,1,-74.01759530791789,13.510322039124041,47713.646445112136
51.02400016784668,51.02300000190735,0.0,0.0,0,1,1,1,2,2,1,1,2,1,1,1,1,1,1,1,1,1,1,2,-71.24633431085044,16.314852368949577,47685.25204211929
46.020999908447266,46.019999980926514,0.0,0.0,0,2,1,1,1,1,1,1,1,1,1,0,1,2,1,1,0,1,1,1,-74.17888563049851,10.058570028792403,46127.39241876582
51.02199983596802,51.019999980926514,0.0,0.0,0,1,1,1,1,1,1,1,1,1,1,1,1,1,2,1,1,0,1,2,-72.84457478005865,16.079537916973536,48557.47474963899
46.02199983596802,46.020999908447266,0.0,0.0,0,1,1,1,2,1,1,1,1,0,1,1,1,1,1,1,1,0,1,1,-73.82697947214078,12.81765780844263,48768.21888160031
51.0239999294281,51.02300000190735,0.0,0.0,0,1,1,0,1,1,1,1,1,0,1,1,1,1,1,1,1,0,1,1,-72.52199413489737,15.531043821155144,49017.50996552335
51.02300000190735,51.02199983596802,0.0,0.0,0,1,1,1,2,1,1,1,1,1,1,1,1,2,1,1,0,1,1,1,-71.53958944281526,15.953236643857574,48705.01139082626
46.020999908447266,46.01900005340576,0.0,0.0,0,1,1,1,1,1,2,1,1,0,1,1,1,1,1,1,1,1,1,1,-74.34017595307918,14.192330158866156,49654.555947714165
51.02300000190735,51.02199983596802,0.0,0.0,0,1,1,1,1,1,2,1,1,1,1,1,1,1,1,1,0,0,1,1,-75.70381231671554,14.932016074275799,51942.58746133912
51.02300000190735,51.02199983596802,0.0,0.0,0,1,1,1,2,2,1,1,2,1,1,1,1,1,1,1,1,1,1,1,-73.43108504398828,16.59130713954805,50636.044102641565
46.02499985694885,46.02300000190735,0.0,0.0,0,1,1,1,1,0,1,1,1,1,1,1,1,1,1,1,0,0,1,1,-74.88269794721407,10.896966859921015,49146.552976680076
51.02300000190735,51.0220000743866,0.0,0.0,0,1,1,1,2,1,2,1,1,1,1,1,1,1,0,1,1,1,1,1,-71.55425219941348,16.913796566346587,47825.04228663583
46.019999980926514,46.01900005340576,0.0,0.0,0,1,1,1,1,1,1,1,1,1,1,1,1,1,2,1,1,0,1,1,-73.9882697947214,13.13687211246356,49075.17156594826
51.0220000743866,51.019999980926514,0.0,0.0,0,2,0,1,1,1,1,1,1,1,1,1,1,1,1,1,1,1,1,1,-74.57478005865103,13.541008608547674,51787.37943951457
46.02199983596802,46.019999980926514,0.0,0.0,0,1,1,1,0,1,2,1,1,1,1,1,0,1,1,1,1,1,1,1,-75.27859237536657,13.37892440170072,51245.83274890213
51.02300000190735,51.021000146865845,0.0,0.0,0,1,1,1,1,1,1,1,1,1,1,1,2,1,1,1,0,1,1,1,-73.28445747800586,14.779868781195905,47282.22623804715
51.02300000190735,51.020999908447266,0.0,0.0,0,1,1,1,1,1,1,1,1,1,1,1,1,1,1,1,0,1,1,1,-75.55718475073314,14.923222912109361,52564.45406295423
46.02400016784668,46.02300000190735,0.0,0.0,0,1,1,1,1,1,0,1,1,1,1,1,1,2,1,1,1,1,0,1,-75.74780058651027,14.811439405416676,53122.922743957955
51.02500009536743,51.02400016784668,0.0,0.0,0,1,1,1,1,1,1,1,1,1,1,1,0,1,1,1,1,1,1,2,-73.85630498533723,14.813326308847898,44866.23300617262
51.02300000190735,51.02300000190735,0.0,0.0,0,1,2,1,1,1,1,1,1,1,1,1,1,1,2,1,0,1,1,1,-75.51319648093842,14.303833621700331,50019.255605212114
46.021000146865845,46.01900005340576,0.0,0.0,0,2,1,1,1,1,2,1,1,0,1,1,0,1,1,1,1,1,1,1,-74.16422287390029,14.294147415962497,51296.81319500832
51.03200006484985,51.03000020980835,0.0,0.0,0,1,1,1,1,1,1,1,1,1,1,0,1,1,1,1,1,1,1,1,-73.82697947214076,17.26076861674348,49854.24064596134
36.01799988746643,36.01799988746643,0.0,0.0,0,1,1,0,1,1,1,1,1,1,1,1,1,1,1,1,1,0,1,1,-75.63049853372434,13.71398725396237,51639.5660394974
46.021000146865845,46.019999980926514,0.0,0.0,0,1,1,1,1,1,1,1,1,1,1,1,1,2,1,1,0,1,1,1,-73.28445747800588,13.904747049945112,49941.81901140488
51.0220000743866,51.021000146865845,0.0,0.0,0,1,0,1,1,1,2,1,1,2,1,1,0,1,2,1,1,0,1,1,-75.366568914956,14.887306669032878,52044.67168864573
46.0220000743866,46.019999980926514,0.0,0.0,0,1,1,1,1,1,2,1,1,2,1,1,0,1,1,1,1,0,0,1,-70.3225806451613,16.739381273147686,47137.96850114033
51.019999980926514,51.01900005340576,0.0,0.0,0,1,1,1,1,2,1,1,1,1,1,1,1,1,1,1,1,1,0,1,-71.12903225806453,16.265394743068452,43674.181134303864
51.021000146865845,51.019999980926514,0.0,0.0,0,1,1,1,1,1,1,1,1,1,1,1,1,2,1,1,1,1,1,1,-74.58944281524927,11.43963107872384,46002.92081830611
51.02500009536743,51.02400016784668,0.0,0.0,0,2,1,1,1,1,1,1,1,1,1,1,1,1,1,1,1,1,1,1,-77.3900293255132,11.935197552229445,53077.102469821606
46.02300000190735,46.0220000743866,0.0,0.0,0,1,1,1,1,1,0,1,1,1,1,1,1,2,1,1,1,1,1,1,-77.34604105571847,11.808994156398049,53183.944071763515
51.0239999294281,51.020999908447266,0.0,0.0,0,1,0,1,2,1,1,1,1,1,1,1,1,1,1,1,1,1,2,1,-75.93841642228739,14.769629040759876,51125.18558338942
51.02199983596802,51.020999908447266,0.0,0.0,1,1,1,1,1,1,1,1,1,1,1,1,1,1,1,0,0,0,1,1,-73.85630498533725,12.700378001224438,46697.650172732494
46.020999908447266,46.019999980926514,0.0,0.0,0,1,1,1,1,1,1,1,1,1,1,2,1,1,1,1,1,0,0,1,-73.92961876832845,18.101956058119274,54344.252810000544
51.02500009536743,51.0239999294281,0.0,0.0,0,1,1,1,1,1,2,1,2,1,1,1,1,1,1,1,1,0,0,2,-72.58064516129033,13.628436639318457,45127.5870069985
51.0239999294281,51.02300000190735,0.0,0.0,0,1,0,1,1,1,2,1,1,2,1,1,0,1,1,1,1,0,1,1,-71.89149560117303,13.569449481543105,41665.1570707751
46.020999908447266,46.019999980926514,0.0,0.0,0,1,1,1,1,1,1,1,1,1,1,1,1,1,0,1,1,1,0,1,-71.20234604105573,17.16972583578179,47995.02238865929
51.02300000190735,51.02199983596802,0.0,0.0,0,1,1,1,1,1,2,1,1,1,1,1,1,1,1,2,1,0,2,1,-73.29912023460412,13.536787896700298,46182.29317287911
51.02300000190735,51.0220000743866,0.0,0.0,0,0,0,1,2,1,1,1,1,1,1,1,1,1,1,1,1,1,1,1,-73.97360703812318,13.569983168826807,48048.14937375343
51.020999908447266,51.019999980926514,0.0,0.0,0,1,0,1,1,1,1,1,1,1,1,1,1,0,1,1,1,0,1,0,-72.88856304985337,15.015203858034218,47884.30755460025
46.021000146865845,46.019999980926514,0.0,0.0,0,1,1,0,2,0,1,1,1,2,1,1,0,1,1,1,0,1,1,1,-69.64809384164224,16.53695661440475,42511.49877771917
51.02300000190735,51.020999908447266,0.0,0.0,0,2,1,1,1,1,1,1,1,0,1,1,1,1,1,1,1,1,1,2,-68.2258064516129,16.436138129696513,42507.89125587915
51.026000022888184,51.0239999294281,0.0,0.0,0,1,1,1,2,1,1,1,1,1,1,1,1,1,1,1,0,0,1,1,-74.82404692082112,14.178857299339805,48927.97589327064
51.021000146865845,51.021000146865845,0.0,0.0,1,1,1,1,1,1,2,1,1,0,1,1,1,1,1,1,1,0,1,1,-72.69794721407625,15.71754782529946,49221.88680492609
51.02300000190735,51.0220000743866,0.0,0.0,0,1,0,1,2,1,1,1,1,1,1,0,1,1,1,1,1,1,1,1,-75.45454545454547,15.978361479539137,54145.615970292914
46.021000146865845,46.019999980926514,0.0,0.0,0,1,0,1,1,1,1,1,1,1,1,2,1,1,1,1,1,0,0,1,-72.40469208211144,14.227495537677678,47311.338975704464
51.0220000743866,51.021000146865845,0.0,0.0,0,1,0,1,2,1,1,1,2,1,1,1,1,1,1,1,1,1,1,1,-70.57184750733138,14.612748493002515,43189.475684137135
51.02300000190735,51.021000146865845,0.0,0.0,0,1,0,1,2,0,2,1,1,1,1,1,1,1,1,1,0,1,1,1,-74.04692082111437,13.101819598756297,49101.921783429614
51.020999908447266,51.019999980926514,0.0,0.0,0,1,0,1,1,1,1,1,1,1,1,1,1,1,1,1,0,1,1,1,-69.92668621700878,15.45870956745122,44031.77697772711
51.020999908447266,51.019999980926514,0.0,0.0,0,1,0,1,1,1,1,1,1,1,1,1,1,1,1,1,1,0,0,1,-73.68035190615835,15.834883901797825,51184.81142109659
46.0220000743866,46.019999980926514,0.0,0.0,0,1,0,1,1,1,1,1,1,0,1,1,1,1,1,1,1,0,1,1,-71.30498533724341,14.836835154206662,44447.369426955345
51.02300000190735,51.02199983596802,0.0,0.0,0,1,0,1,1,1,1,1,1,2,1,2,1,0,1,1,1,1,1,1,-71.56891495601174,16.86166007133835,49469.51438359353
51.02300000190735,51.0220000743866,0.0,0.0,0,1,1,1,1,1,1,1,1,1,1,1,1,1,1,0,0,1,1,1,-72.9325513196481,15.625472108056847,48184.442538540476
51.02300000190735,51.020999908447266,0.0,0.0,0,1,0,1,1,0,1,1,1,1,1,1,1,1,1,1,1,1,1,2,-73.87096774193549,16.974674511689333,52141.22430104675
46.02300000190735,46.02199983596802,0.0,0.0,0,1,1,0,1,1,1,1,2,1,1,1,1,1,1,1,1,0,1,1,-72.43401759530792,13.342981296534514,45411.12138513638
51.0239999294281,51.02300000190735,0.0,0.0,0,1,1,1,1,1,1,1,1,1,1,2,1,2,1,1,1,1,1,1,-72.80058651026393,14.052391102131413,49216.614333493606
51.019999980926514,51.01899981498718,0.0,0.0,0,1,1,1,1,1,1,1,1,1,2,1,1,1,1,1,1,1,0,1,-76.61290322580645,12.063063684737843,51819.20872700338
51.02199983596802,51.020999908447266,0.0,0.0,0,1,0,1,1,1,2,1,1,1,1,0,1,0,1,1,1,1,1,1,-74.89736070381232,12.04373401344965,47145.92610881667
46.0239999294281,46.0220000743866,0.0,0.0,0,1,0,1,1,1,1,1,1,1,1,1,1,1,2,1,1,0,0,1,-71.7008797653959,16.74638303257388,46568.99416279548
51.02400016784668,51.0220000743866,0.0,0.0,0,1,1,1,1,1,1,1,0,1,1,2,1,2,1,1,1,0,1,1,-70.43988269794721,14.345258330777169,43590.315539436386
51.0220000743866,51.021000146865845,0.0,0.0,0,2,1,1,2,1,1,1,1,1,1,1,1,1,1,1,1,1,1,1,-72.47800586510263,15.891493336841416,48857.879173080524
51.02300000190735,51.0220000743866,0.0,0.0,0,1,1,0,1,1,1,1,1,2,1,1,1,1,1,1,0,1,1,1,-76.18768328445748,11.280787261177037,50793.82833083195
51.02300000190735,51.0220000743866,0.0,0.0,0,2,1,1,2,1,1,1,1,0,1,2,1,1,1,1,1,0,1,1,-73.24046920821115,14.958243510642639,49801.904618040004
46.01900005340576,46.01799988746643,0.0,0.0,0,1,1,1,1,1,1,0,1,1,1,1,1,1,1,1,0,1,2,1,-71.39296187683286,15.310429481621279,46788.20676933481
51.02300000190735,51.02199983596802,0.0,0.0,0,1,1,1,2,1,2,1,1,0,0,1,1,1,1,1,1,1,1,1,-72.99120234604105,16.51049558227662,48714.38709178413
51.02400016784668,51.0220000743866,0.0,0.0,0,1,0,1,1,1,1,1,1,0,1,2,1,1,1,1,1,1,1,2,-72.25806451612904,15.57100600019782,48051.52204220684
51.03500008583069,51.03400015830994,0.0,0.0,0,1,1,1,1,1,2,1,1,1,1,0,1,1,0,1,1,0,1,1,-72.5366568914956,15.552354725067728,46703.38028096136
51.0220000743866,51.021000146865845,0.0,0.0,0,1,0,1,1,0,2,1,1,1,1,0,1,1,1,1,0,0,1,1,-70.77712609970675,16.26032936284003,47438.57962314309
51.0220000743866,51.021000146865845,0.0,0.0,0,1,1,1,2,1,1,1,1,0,2,1,1,1,1,1,0,1,1,1,-67.03812316715542,17.58923597449442,42395.185034921946
51.0239999294281,51.02300000190735,0.0,0.0,0,1,1,1,2,1,2,1,1,2,1,1,0,1,2,1,2,0,1,1,-72.22873900293256,16.198087031257078,48745.52454334742
51.0239999294281,51.0220000743866,0.0,0.0,0,1,2,2,1,1,1,1,1,1,1,2,1,1,1,1,1,0,1,1,-70.95307917888564,15.581198401922302,46169.7486924822
51.0220000743866,51.020999908447266,0.0,0.0,0,1,1,1,1,1,2,1,2,1,2,1,1,2,1,1,1,1,0,1,-73.31378299120236,12.91584784438707,49066.176764970296
46.019999980926514,46.01899981498718,0.0,0.0,0,2,0,1,1,1,1,1,1,1,1,1,0,1,1,1,1,1,1,1,-73.92961876832844,12.417691466138674,44366.51193237707
51.0239999294281,51.0220000743866,0.0,0.0,0,1,1,1,1,1,2,1,1,1,1,0,1,1,1,2,0,0,1,1,-73.79765395894428,15.928192947210796,50128.89538689467
51.02500009536743,51.02500009536743,0.0,0.0,0,1,1,1,1,0,1,1,1,2,1,2,1,0,1,1,1,1,1,1,-70.89442815249268,17.444399676727716,47629.40739554954
51.02300000190735,51.0220000743866,0.0,0.0,0,1,1,1,1,1,1,1,1,1,1,1,1,1,1,1,1,0,1,2,-72.4633431085044,14.869023025445706,46335.59360218003
51.02300000190735,51.02199983596802,0.0,0.0,0,1,1,1,1,0,1,1,1,1,1,2,1,1,1,1,1,1,1,1,-74.6774193548387,13.143821465221096,49625.27276911926
46.020999908447266,46.019999980926514,0.0,0.0,0,1,0,1,1,1,1,1,1,1,1,1,1,1,1,2,1,1,1,1,-74.5307917888563,12.652889842247653,49110.49952309379
56.02500009536743,56.0239999294281,0.0,0.0,0,1,1,1,1,1,1,1,0,1,1,1,1,1,1,1,1,0,1,1,-75.26392961876834,13.401293448655014,51726.39298081685
46.021000146865845,46.019999980926514,0.0,0.0,0,1,1,1,2,1,2,1,1,0,1,1,1,1,1,1,1,1,1,2,-73.6217008797654,15.99064373149324,51194.023971210976
51.0239999294281,51.02199983596802,0.0,0.0,0,1,1,1,2,0,2,1,1,1,1,1,1,1,1,1,1,1,1,1,-73.88563049853373,13.732976480469794,46533.3111624933
51.02199983596802,51.020999908447266,0.0,0.0,0,1,2,1,1,1,1,1,1,1,1,1,1,1,1,1,1,1,1,1,-73.66568914956011,12.189495772713943,47002.31908176435
51.02199983596802,51.019999980926514,0.0,0.0,0,1,0,1,1,1,1,2,1,2,1,1,1,1,1,1,1,0,0,1,-77.08211143695014,11.487406559164825,53186.29786370315
51.02300000190735,51.0220000743866,0.0,0.0,0,1,1,1,2,1,2,1,1,0,2,1,1,1,1,0,1,1,1,1,-70.43988269794723,14.801810162920464,43189.435934883324
51.0220000743866,51.021000146865845,0.0,0.0,0,1,0,1,1,1,1,1,1,2,1,2,1,1,0,1,1,1,1,1,-71.89149560117303,16.202606190280985,47820.298438396
51.0220000743866,51.021000146865845,0.0,0.0,0,1,1,1,1,0,1,1,1,1,1,1,1,0,1,0,1,1,1,1,-72.25806451612904,14.853642496882465,48626.83687412701
51.020999908447266,51.019999980926514,0.0,0.0,0,1,1,2,1,1,1,1,1,1,1,2,1,1,1,1,1,1,1,1,-71.67155425219941,16.749058607534486,47230.192712376345
51.02799987792969,51.026999950408936,0.0,0.0,0,1,1,1,1,1,2,2,1,1,1,1,1,1,1,2,1,0,0,1,-76.18768328445748,11.422337418242734,51546.152624501294
51.019999980926514,51.019999980926514,0.0,0.0,0,1,1,1,1,0,1,1,1,1,1,1,1,2,1,1,0,1,1,1,-72.12609970674487,13.871365834877626,44279.143403362315
51.02300000190735,51.0220000743866,0.0,0.0,0,1,0,1,2,0,1,1,1,1,1,2,1,1,1,1,1,1,1,1,-72.88856304985337,15.344979349113041,48257.7114294239
51.0220000743866,51.020999908447266,0.0,0.0,1,0,0,1,1,1,2,1,1,1,1,1,1,1,1,1,1,0,1,1,-71.23167155425219,13.00974011127871,44782.272459300846
51.02300000190735,51.020999908447266,0.0,0.0,0,1,1,1,1,0,1,1,2,1,1,1,1,1,1,0,1,1,1,2,-73.29912023460412,16.307082459594127,51501.49336126953
51.02199983596802,51.019999980926514,0.0,0.0,0,1,1,1,1,0,1,1,1,1,1,1,0,1,1,1,0,1,1,2,-72.00879765395895,14.324695240442779,45642.32958717527
46.02199983596802,46.020999908447266,0.0,0.0,0,1,1,1,1,1,1,1,1,1,1,2,2,1,1,1,1,1,1,1,-71.01173020527861,16.738211775041904,45199.86456481442
51.0239999294281,51.0220000743866,0.0,0.0,0,1,1,1,1,1,1,1,1,1,1,1,1,1,1,0,1,1,1,1,-76.78885630498533,12.207927309825122,52338.99110131188
51.02300000190735,51.0220000743866,0.0,0.0,1,1,1,1,1,1,2,1,2,1,1,1,1,1,0,1,1,0,0,2,-75.85043988269794,14.66315017221442,53173.65508222263
51.02500009536743,51.0239999294281,0.0,0.0,0,1,1,1,1,1,1,1,1,1,1,1,1,1,1,1,0,0,0,1,-71.5542521994135,14.417771265699812,43664.99800279128
46.0220000743866,46.020999908447266,0.0,0.0,0,1,0,1,1,1,1,1,1,1,2,1,1,1,1,1,1,1,1,1,-71.56891495601175,16.154822300166806,45353.04996864085
51.02300000190735,51.02199983596802,0.0,0.0,0,1,0,1,1,1,1,1,1,2,1,2,1,1,1,1,1,1,1,1,-74.97067448680352,13.301965609404906,51466.7673631721
51.02300000190735,51.021000146865845,0.0,0.0,0,2,1,0,1,1,1,1,1,2,1,2,1,1,1,1,1,1,1,1,-74.56011730205279,13.583651752598078,50340.94464916493
51.020999908447266,51.020999908447266,0.0,0.0,0,1,0,1,2,1,2,1,2,0,1,1,1,1,1,1,1,1,1,1,-74.13489736070382,12.48664554843673,48605.03220302734
51.02300000190735,51.0220000743866,0.0,0.0,0,1,0,1,1,1,1,1,1,1,1,0,1,1,1,1,0,1,1,1,-71.97947214076247,15.452266723754066,46889.15571963491
51.020999908447266,51.019999980926514,0.0,0.0,0,1,1,1,1,1,1,1,1,2,1,1,0,1,1,1,1,0,1,1,-71.53958944281524,16.76906457711632,48669.023935460165
51.02300000190735,51.021000146865845,0.0,0.0,0,1,0,1,1,1,0,1,1,2,1,1,1,1,1,1,1,1,1,1,-73.51906158357771,16.33249435768541,50909.09215473675
51.020999908447266,51.020999908447266,0.0,0.0,0,1,1,1,1,1,2,1,1,0,1,1,1,1,1,1,1,1,1,1,-73.81231671554252,15.916772509746963,49646.92150555097
51.020999908447266,51.019999980926514,0.0,0.0,0,1,1,1,1,0,1,1,1,2,1,1,0,1,1,1,0,1,1,1,-75.70381231671554,14.932016074275799,51942.58746133912
51.026000022888184,51.02000021934509,0.0,0.0,0,2,1,1,1,1,1,1,1,1,1,2,1,1,1,1,1,1,1,1,-71.36363636363636,17.401378944694397,47600.62131243937
51.0239999294281,51.0220000743866,0.0,0.0,0,1,0,1,1,1,2,0,2,1,2,1,1,1,1,1,1,1,1,1,-76.65689149560117,11.987606486361996,51926.050328945304
51.02000021934509,51.02000021934509,0.0,0.0,0,2,1,1,1,1,0,1,1,1,1,1,1,1,1,0,1,1,1,1,-72.33137829912023,15.74240190420551,48486.54487847931
51.0239999294281,51.0220000743866,0.0,0.0,0,1,0,1,1,1,2,1,1,1,1,1,0,1,1,1,1,0,1,2,-73.95894428152494,16.804420055538277,50250.328742420126
51.02300000190735,51.020999908447266,0.0,0.0,0,1,1,0,1,1,2,1,1,2,1,1,1,1,0,1,1,1,0,1,-70.92375366568915,16.828556523488587,45594.26564103434
51.020999908447266,51.020999908447266,0.0,0.0,0,1,1,1,1,1,2,1,1,1,1,1,1,1,0,1,1,1,0,1,-70.45454545454547,13.68887254343542,41885.316603745065
51.02300000190735,51.020999908447266,0.0,0.0,0,1,1,0,2,1,2,1,1,1,1,1,1,1,1,1,2,0,1,1,-73.03519061583577,13.697004145089208,45206.334729663016
51.02199983596802,51.020999908447266,0.0,0.0,0,1,0,1,1,1,1,1,1,1,0,1,1,1,1,1,1,1,0,1,-71.67155425219941,13.763569480285987,46059.52943666928
51.02300000190735,51.0220000743866,0.0,0.0,0,1,1,1,1,1,1,1,1,1,1,1,2,1,1,1,0,1,0,1,-71.36363636363637,14.841105488858005,44457.339946854925
51.020999908447266,51.020999908447266,0.0,0.0,0,1,0,1,1,0,1,1,1,1,1,2,1,0,1,1,1,1,1,1,-73.43108504398828,14.914765977649534,46305.501485737426
51.02300000190735,51.0220000743866,0.0,0.0,0,1,0,1,1,1,1,1,1,1,1,2,1,1,1,1,1,1,0,1,-70.71847507331378,15.406445057889425,45015.88608960796
51.02300000190735,51.0220000743866,0.0,0.0,0,1,1,1,1,1,1,1,1,1,1,1,1,2,1,1,1,0,1,1,-72.97653958944281,13.682721050949471,44700.39588223743
51.019999980926514,51.01899981498718,0.0,0.0,0,1,0,1,1,1,1,1,1,1,1,1,1,1,1,1,1,1,0,2,-75.04398826979472,13.863018174826301,51566.18227172129
51.02300000190735,51.0220000743866,0.0,0.0,0,1,1,1,1,0,1,1,1,1,1,1,1,0,1,0,1,2,1,1,-72.97653958944281,13.438394213626015,42939.129067141395
51.02500009536743,51.02300000190735,0.0,0.0,0,1,1,1,1,1,1,1,0,1,1,1,2,1,1,1,1,1,0,2,-71.0117302052786,16.709794220421653,46474.732613326196
51.02300000190735,51.0220000743866,0.0,0.0,0,1,0,1,2,1,1,1,1,1,1,1,1,1,1,1,1,1,0,1,-72.84457478005865,14.156853628718846,42868.36235317649
51.02500009536743,51.02300000190735,0.0,0.0,0,1,1,1,2,1,2,1,1,1,1,1,0,1,1,1,1,1,1,1,-72.50733137829913,12.977684044954545,43568.17388412409
36.01599979400635,36.014999866485596,0.0,0.0,0,1,1,1,1,1,1,1,1,2,1,1,1,1,2,1,1,1,0,1,-74.8240469208211,14.589499046288925,49672.341978978715
51.02300000190735,51.0220000743866,0.0,0.0,0,1,1,1,1,2,1,1,1,1,1,1,1,1,1,1,1,1,1,1,-74.36950146627566,11.927420707929048,46420.94325010876
51.0220000743866,51.019999980926514,0.0,0.0,0,1,1,1,1,1,1,1,1,2,1,1,1,1,2,1,1,1,0,2,-76.7008797653959,11.244970379479893,52261.87339552291
51.026000022888184,51.0239999294281,0.0,0.0,0,1,1,1,2,2,1,1,1,1,1,1,1,1,1,1,1,1,1,1,-73.65102639296188,11.490164351509396,43401.7826921945
46.019999980926514,46.01900005340576,0.0,0.0,0,1,1,1,1,0,1,1,1,1,1,1,1,1,1,1,1,1,0,2,-75.39589442815249,10.67312135828557,49871.75765459135
51.02300000190735,51.0220000743866,0.0,0.0,0,1,1,1,1,1,1,1,1,2,1,1,1,1,1,1,1,1,0,1,-72.36070381231671,11.99118349172671,41090.28013078094
51.0220000743866,51.021000146865845,0.0,0.0,0,1,1,1,1,1,1,1,1,1,1,1,1,1,2,1,1,2,0,1,-75.26392961876833,12.240880688837892,47277.99713762772
51.0239999294281,51.02300000190735,0.0,0.0,0,1,1,1,1,2,1,1,1,1,1,1,1,1,1,1,2,1,1,1,-73.9882697947214,11.64504509387321,46283.88696134791
56.026000022888184,56.02300000190735,0.0,0.0,0,1,1,1,1,1,1,1,1,0,1,1,1,2,1,1,1,1,1,1,-76.158357771261,11.432833544263804,51745.65800493499
51.02199983596802,51.020999908447266,0.0,0.0,0,1,1,1,1,2,2,1,1,1,1,1,1,2,1,1,1,1,0,1,-75.57184750733138,14.875475062496625,51840.294849242986
51.02199983596802,51.019999980926514,0.0,0.0,0,1,1,0,1,1,2,1,1,1,1,1,1,1,2,1,1,1,1,1,-73.97360703812318,11.704662342478784,43948.7113197778
51.02300000190735,51.0220000743866,0.0,0.0,0,1,1,1,1,1,1,1,1,1,1,1,1,2,1,1,1,1,1,2,-74.48680351906158,12.231901367106365,49619.72687877013
51.02500009536743,51.02300000190735,0.0,0.0,0,1,1,1,1,1,2,1,1,1,1,1,0,1,1,1,1,1,0,2,-76.64222873900293,11.305506314030788,50057.94191190735
51.02300000190735,51.0220000743866,0.0,0.0,0,1,1,1,1,1,2,1,1,1,1,1,1,1,1,1,1,1,0,2,-73.18181818181819,14.781269779398261,42784.34458477922
51.0239999294281,51.02300000190735,0.0,0.0,0,1,1,1,1,1,1,1,1,1,1,1,1,1,2,1,1,1,0,1,-74.6774193548387,12.00793119993297,43901.28194678668
56.0239999294281,56.02300000190735,0.0,0.0,0,1,1,1,1,0,1,1,1,1,1,1,0,1,1,1,1,1,1,2,-74.79472140762464,11.884109592685034,47039.34706039807
51.02400016784668,51.0220000743866,0.0,0.0,0,1,1,1,1,1,1,1,1,1,0,1,1,2,1,1,1,1,0,1,-72.99120234604106,14.597136697786624,46232.295345990286
51.0239999294281,51.02300000190735,0.0,0.0,0,1,1,1,1,1,1,1,1,1,2,1,1,1,1,1,1,1,1,1,-73.09384164222874,13.965802185939161,45317.200214404074
56.02499985694885,56.02300000190735,0.0,0.0,0,1,1,1,1,0,1,1,1,1,1,1,1,1,1,1,1,1,1,2,-77.02346041055719,11.807997566668243,53404.878686033466
51.02300000190735,51.02199983596802,0.0,0.0,0,2,1,1,1,1,1,1,1,2,1,1,0,1,1,1,1,1,1,2,-74.47214076246334,11.869246565808037,47349.23270799775
51.02199983596802,51.01900005340576,0.0,0.0009999275207519531,0,0,1,1,1,1,1,1,1,1,1,1,1,2,1,1,1,1,1,1,-74.72140762463343,14.372997423356564,48429.44234155249
51.02199983596802,51.020999908447266,0.0,0.0,0,1,1,1,1,1,1,0,1,2,1,1,1,1,2,1,1,1,0,1,-75.65982404692082,14.24564936945,51134.28356308097
51.026000022888184,51.02400016784668,0.0,0.0,0,1,1,1,1,1,1,1,1,1,2,1,1,1,1,0,1,1,1,1,-72.36070381231671,14.238617903728477,45141.883886543335
51.0239999294281,51.02300000190735,0.0,0.0,0,2,1,1,1,1,1,1,1,0,1,1,1,1,1,1,1,1,1,1,-75.11730205278593,14.603143209569877,52423.18024312226
51.02300000190735,51.0220000743866,0.0,0.0,0,1,1,1,1,2,0,1,1,1,1,1,1,1,1,1,1,1,1,1,-75.5425219941349,14.755502327111827,51947.136451184895
51.02799987792969,51.026000022888184,0.0,0.0,0,1,1,1,1,1,1,0,1,2,1,1,1,1,2,1,1,1,0,2,-75.26392961876834,14.150097914761703,50309.95650909074
51.02199983596802,51.020999908447266,0.0,0.0,0,1,1,1,1,2,1,1,2,2,2,1,1,2,2,1,1,1,1,1,-71.64222873900295,13.764457364465583,42122.72332862908
51.02300000190735,51.02300000190735,0.0,0.0,0,1,1,0,1,1,1,1,1,0,1,1,1,1,1,1,1,1,1,1,-73.9149560117302,11.538985874119131,48232.485125390784
51.02300000190735,51.0220000743866,0.0,0.0,0,1,0,1,1,1,1,1,1,1,1,1,1,1,1,1,1,1,0,1,-73.87096774193549,14.89639449829833,50215.93158892657
51.02400016784668,51.0220000743866,0.0,0.0,0,1,1,1,1,1,1,1,1,1,2,1,0,2,1,1,1,1,1,2,-73.6217008797654,13.724404486138361,45958.28962505565
51.0220000743866,51.021000146865845,0.0,0.0,0,1,1,1,1,1,1,1,1,1,0,1,1,2,2,1,1,1,0,1,-74.51612903225808,14.250382729204043,48190.52971079952
51.020999908447266,51.01900005340576,0.0,0.0,0,1,1,1,1,1,1,1,0,1,1,1,2,1,1,1,1,1,1,1,-72.30205278592375,14.022920483826935,44460.146326885115
51.020999908447266,51.019999980926514,0.0,0.0,0,1,1,1,1,1,1,1,1,1,0,1,1,1,2,1,1,1,0,1,-75.70381231671554,14.573047070271691,52146.47548830755
56.02300000190735,56.020999908447266,0.0,0.0,0,1,1,1,0,1,1,1,1,1,1,1,1,1,2,1,1,1,1,2,-72.53665689149561,13.914631135703184,45538.39738219734
51.02299976348877,51.02199983596802,0.0,0.0,0,1,1,1,1,1,1,1,1,1,1,1,1,2,1,1,1,1,0,1,-73.53372434017595,10.579402030783793,45498.90759783748
51.01900005340576,51.01800012588501,0.0,0.0,0,0,1,1,1,1,1,1,1,2,0,1,1,1,2,1,1,1,0,2,-75.27859237536657,12.245252371014193,46818.1498926048
51.02300000190735,51.0220000743866,0.0,0.0,0,1,1,1,1,1,1,1,2,1,1,1,1,2,1,1,1,1,1,1,-69.64809384164224,14.743871943415629,39958.01410725314
51.0220000743866,51.021000146865845,0.0,0.0,0,1,1,0,1,1,1,1,1,1,1,1,1,1,1,1,1,1,1,1,-76.86217008797654,12.181063823300699,52351.89779191032
51.0220000743866,51.021000146865845,0.0,0.0,0,1,1,1,1,2,1,1,1,0,1,1,1,2,1,1,1,1,0,1,-75.63049853372434,12.359233970557073,51452.73920950518
51.02500009536743,51.02300000190735,0.0,0.0,0,1,1,1,1,1,1,1,1,1,2,1,1,2,1,1,1,1,1,1,-72.4926686217009,14.124268549834365,43687.86214241527
51.02300000190735,51.020999908447266,0.0,0.0,0,1,1,1,1,1,2,1,1,2,0,1,1,1,1,1,1,1,0,1,-76.75953079178886,11.90405018602807,52326.62763072124
56.02400016784668,56.0220000743866,0.0,0.0,0,1,1,1,1,2,1,1,1,1,1,1,1,1,1,1,1,1,1,2,-72.69794721407625,14.01240216084069,44801.089016210906
51.0220000743866,51.019999980926514,0.0,0.0,0,1,2,0,1,1,1,1,1,1,1,1,1,1,1,1,1,1,1,1,-75.95307917888563,10.522830007012928,49242.712837608655
51.0239999294281,51.02199983596802,0.0,0.0,0,1,2,1,1,2,1,1,1,1,1,1,1,1,1,1,1,1,1,1,-75.11730205278593,12.282224470544136,50483.68354807449
51.026000022888184,51.0239999294281,0.0,0.0,0,1,1,1,2,1,1,1,1,1,2,1,1,1,1,0,1,1,1,1,-75.99706744868034,10.862019992449158,51292.81773409223
51.02000021934509,51.02000021934509,0.0,0.0,0,1,1,1,1,1,1,1,1,1,1,1,1,1,1,1,1,1,0,1,-73.97360703812318,13.948939087571489,50033.0645021907
51.0239999294281,51.02300000190735,0.0,0.0,0,1,1,1,1,2,1,1,1,1,1,1,2,1,1,1,1,1,0,1,-75.63049853372435,12.151673540875437,47896.40094791703
51.02300000190735,51.020999908447266,0.0,0.0,0,1,1,0,1,1,2,1,1,1,0,1,1,2,2,1,1,1,1,2,-74.39882697947215,11.575652619423218,45444.45213730238
56.02300000190735,56.0220000743866,0.0,0.0,0,1,1,1,1,2,2,1,1,1,1,1,1,1,1,1,1,0,1,1,-71.29032258064517,13.519531975508771,44021.36558734293
51.019999980926514,51.01900005340576,0.0,0.0,0,1,1,1,1,1,1,1,1,1,0,1,1,1,1,1,1,1,0,1,-74.3841642228739,14.017690562234115,49774.99475420652
51.0220000743866,51.020999908447266,0.0,0.0,0,1,1,1,1,1,1,1,2,1,1,1,0,1,1,1,1,1,0,1,-73.37243401759531,13.751791374502528,46395.45126971631
51.02400016784668,51.0220000743866,0.0,0.0,0,1,1,1,1,1,1,1,1,2,0,0,1,1,1,1,1,1,0,2,-73.63636363636365,15.044242500319726,46054.25890799829
51.02500009536743,51.02400016784668,0.0,0.0,0,1,1,1,1,1,1,1,1,2,0,1,1,1,1,1,1,1,0,1,-70.16129032258064,14.662100618140139,40242.09941587631
51.020999908447266,51.01899981498718,0.0,0.0,0,1,1,1,0,1,1,1,1,1,1,1,0,1,1,1,1,1,1,1,-73.02052785923755,13.780199577394821,45777.047459427
51.0239999294281,51.02300000190735,0.0,0.0,0,2,1,1,1,2,1,1,1,2,1,1,1,1,1,1,1,1,1,2,-73.54838709677419,14.567245649879457,48258.18468126324
51.0220000743866,51.020999908447266,0.0,0.0,0,1,1,1,1,0,1,1,1,1,1,1,1,2,1,1,1,0,1,1,-75.17595307917888,10.706729670281906,47652.89957394904
51.02300000190735,51.0220000743866,0.0,0.0,0,1,1,1,1,1,1,1,1,1,1,0,1,1,1,1,1,1,1,2,-72.80058651026393,14.731395142032913,47779.222012499464
51.021000146865845,51.021000146865845,0.0,0.0,0,2,1,1,1,1,0,1,1,1,1,1,1,1,1,1,1,1,1,2,-74.88269794721408,13.064031518926875,48620.40548158314
51.0220000743866,51.021000146865845,0.0,0.0,0,1,1,1,1,1,1,1,1,0,1,1,1,2,1,1,1,1,0,1,-75.16129032258064,14.072097706288483,48212.866627417076
56.026000022888184,56.02500009536743,0.0,0.0,0,1,1,1,1,1,1,1,1,1,2,1,1,1,1,1,1,1,1,2,-73.53372434017595,14.862316940182348,45581.34227202618
51.02300000190735,51.0220000743866,0.0,0.0,0,1,1,1,1,1,2,1,1,1,0,1,1,1,2,1,1,1,0,1,-76.27565982404693,11.145278967209382,50385.71812811921
51.02300000190735,51.0220000743866,0.0,0.0,0,0,0,1,2,1,1,1,1,1,1,1,0,1,1,1,1,1,1,1,-72.28739002932552,14.066435589171588,44562.43893898126
51.021000146865845,51.019999980926514,0.0,0.0,0,1,1,1,1,1,1,0,1,2,1,1,1,1,2,1,2,1,0,2,-71.39296187683286,17.11212765235984,46767.37019259279
56.02300000190735,56.02300000190735,0.0,0.0,0,1,1,1,1,1,1,1,1,2,0,1,1,1,2,1,1,1,0,1,-71.09970674486803,13.567514689159744,41606.50793804115
51.02300000190735,51.021000146865845,0.0,0.0,0,1,2,1,1,1,1,1,1,1,1,1,1,1,0,1,1,1,1,1,-72.09677419354838,13.884672533494145,44919.99357190803
51.02300000190735,51.0220000743866,0.0,0.0,0,1,1,1,1,1,1,1,1,2,0,1,0,1,1,1,1,1,0,2,-74.76539589442815,13.205044296731806,51472.190088665215
51.0239999294281,51.0220000743866,0.0,0.0009999275207519531,0,1,1,1,1,1,1,1,0,1,2,1,1,2,1,1,1,1,1,1,-70.76246334310851,15.566267131617654,41640.94953950528
51.0239999294281,51.02300000190735,0.0,0.0,0,2,1,1,0,1,1,1,1,1,1,1,1,1,1,1,1,1,1,2,-74.97067448680352,14.421938148508323,50876.218274898696
51.02400016784668,51.02199983596802,0.0,0.0,0,1,1,1,1,1,2,1,1,1,0,1,1,1,1,1,1,1,1,1,-74.01759530791789,11.175493417041942,45384.55203198613
51.020999908447266,51.019999980926514,0.0,0.0,0,0,1,1,1,1,2,1,1,1,1,1,0,1,2,1,1,1,0,1,-75.2199413489736,14.006457391541593,51678.44540371702
56.02499985694885,56.0239999294281,0.0,0.0,0,1,1,0,1,2,2,1,1,1,1,1,1,1,2,1,1,1,0,1,-71.29032258064517,16.224555423806045,43003.63234843388
51.0239999294281,51.02300000190735,0.0,0.0,0,1,1,1,1,2,1,1,1,1,1,1,1,1,2,1,1,1,0,1,-71.30498533724341,11.344673471931674,41467.29417194242
51.021000146865845,51.021000146865845,0.0,0.0,0,1,1,1,1,1,1,1,1,1,1,1,1,2,1,1,1,1,1,1,-73.68035190615838,11.058837683393428,45145.86693078715
51.02300000190735,51.0220000743866,0.0,0.0,0,1,1,1,1,1,2,1,1,2,0,1,1,2,1,1,1,1,1,1,-77.3900293255132,11.935197552229445,53077.102469821606
51.02300000190735,51.0220000743866,0.0,0.0,0,1,1,1,1,1,1,1,0,1,1,1,0,1,1,1,1,1,1,1,-74.39882697947215,14.316675138396473,49981.790538115485
51.026000022888184,51.0239999294281,0.0,0.0,0,1,1,1,0,1,1,1,1,2,1,1,1,1,1,1,1,1,1,2,-74.41348973607037,16.90037747099769,51588.00680730381
51.019999980926514,51.019999980926514,0.0,0.0,0,0,0,1,1,1,2,1,0,0,1,1,1,1,1,1,1,1,1,1,-73.95894428152494,11.08407214503604,45737.55767506714
56.02500009536743,56.0239999294281,0.0,0.0,0,2,1,1,1,1,1,1,1,2,1,1,1,0,2,1,1,1,1,2,-70.07331378299119,18.723291339172622,46611.24787591456
51.02400016784668,51.0220000743866,0.0,0.0,0,1,1,1,1,1,1,1,0,1,1,1,1,2,1,1,1,1,1,1,-73.59237536656892,13.652982917174516,46532.82370541653
51.02300000190735,51.021000146865845,0.0,0.0,0,1,1,1,1,1,1,0,1,2,1,1,1,1,1,1,1,1,1,2,-75.52785923753666,14.534545184712659,51626.69311399905
51.02300000190735,51.02199983596802,0.0,0.0,0,0,1,1,1,1,1,1,1,2,1,1,1,1,2,1,1,1,0,2,-74.63343108504398,14.01388795913356,49238.729793364844
51.0239999294281,51.02300000190735,0.0,0.0,0,1,1,1,1,1,2,1,1,1,1,1,1,1,1,1,1,1,0,1,-71.90615835777126,13.356746633097627,41458.96378545387
51.019999980926514,51.019999980926514,0.0,0.0,0,1,1,1,0,1,1,1,1,1,1,1,1,1,1,1,1,1,0,1,-75.42521994134897,12.390214263915658,46920.442504700935
56.02400016784668,56.02400016784668,0.0,0.0,0,1,0,1,1,2,1,1,1,1,1,1,1,1,1,1,1,1,0,1,-72.90322580645162,11.6105176519543,43116.1694660539
51.0239999294281,51.02300000190735,0.0,0.0,0,1,1,1,1,1,1,1,1,1,1,1,1,1,1,0,1,1,1,2,-72.53665689149561,12.902620690465291,44064.80949544474
56.026999950408936,56.026999950408936,0.0,0.0,0,1,0,1,1,2,1,1,1,0,1,1,1,1,1,1,1,1,0,1,-75.10263929618769,14.069459957958797,50154.49452430837
51.02300000190735,51.02199983596802,0.0,0.0,0,1,1,0,1,1,2,0,1,1,1,1,1,1,1,1,1,1,0,1,-70.79178885630498,15.114031041137896,42828.001874866124
51.02300000190735,51.02300000190735,0.0,0.0,0,1,1,1,1,1,1,1,1,1,1,1,0,1,1,1,1,1,0,2,-71.30498533724341,14.7210678776633,42938.768825506864
56.031999826431274,56.02300000190735,0.0,0.0,0,1,1,1,1,1,2,1,1,2,1,1,1,1,1,1,1,1,0,1,-73.4017595307918,14.574235028067733,43760.30302799531
51.019999980926514,51.01900005340576,0.0,0.0,0,0,1,1,1,1,2,1,1,2,1,1,1,1,1,1,1,1,1,1,-74.97067448680352,12.57394430846372,46302.038694411625
56.026999950408936,56.025999784469604,0.0,0.0,0,1,1,1,1,0,1,1,1,1,0,1,0,1,1,1,1,1,1,1,-75.30791788856305,14.482484970067183,50618.172364887796
51.02199983596802,51.020999908447266,0.0,0.0,0,2,1,0,1,1,1,1,1,1,1,1,1,1,1,1,1,1,1,1,-71.45161290322581,16.294254008931613,47750.50622570382
51.0220000743866,51.0220000743866,0.0,0.0,0,1,1,1,1,2,1,1,1,1,1,1,1,2,1,1,1,1,1,1,-75.24926686217009,12.367837226035288,50481.32975613486
51.03099989891052,51.03099989891052,0.0,0.0,0,1,1,0,1,1,2,1,1,2,1,1,2,2,1,1,1,1,0,1,-76.33431085043989,11.384431480372536,51183.622340210684
56.026999950408936,56.02500009536743,0.0,0.0,0,1,1,1,2,2,2,1,1,1,1,1,1,1,1,1,1,0,0,1,-72.24340175953078,12.983751243204821,41962.704642467026
51.026999950408936,51.025999784469604,0.0,0.0,0,1,1,1,1,2,1,1,1,2,1,1,1,0,1,1,1,1,0,2,-71.11436950146629,12.946475105363117,41125.92643605816
56.0239999294281,56.02300000190735,0.0,0.0,0,1,1,1,1,1,1,0,1,1,1,1,1,1,1,1,1,1,0,1,-71.90615835777126,13.361490012684719,40208.85433947809
51.03099989891052,51.02999997138977,0.0,0.0,0,1,1,1,1,2,1,1,1,1,1,1,1,2,1,1,1,1,1,2,-73.66568914956012,14.532404065310844,46617.341584351605
51.03200006484985,51.03099989891052,0.0,0.0,0,1,1,0,1,1,2,1,1,1,1,1,1,1,2,1,1,1,0,1,-75.58651026392963,10.644659551579803,48164.46178229643
56.07200002670288,56.07200002670288,0.0,0.0,0,1,1,1,1,1,1,1,1,1,0,1,1,1,1,1,1,1,1,2,-72.40469208211144,12.34640949803628,43360.77430155333
36.01900005340576,36.01900005340576,0.0,0.0,0,1,0,1,1,1,1,1,1,0,1,2,1,1,0,2,1,1,1,1,-74.75073313782991,13.141625970224151,49635.24328901886
56.02500009536743,56.0220000743866,0.0,0.0,0,1,1,1,1,1,2,1,1,1,1,1,1,1,1,1,1,0,0,2,-70.58651026392963,16.90766726860361,47517.583842382104
51.0220000743866,51.021000146865845,0.0,0.0,0,1,0,1,0,1,1,1,1,0,1,2,1,1,0,2,1,1,1,1,-72.36070381231673,13.457780722100654,42390.36174868638
51.02300000190735,51.0220000743866,0.0,0.0,0,1,1,1,1,1,1,1,1,1,1,1,1,1,1,1,1,1,1,2,-67.94721407624634,15.978644750169765,42737.35236051897
56.02300000190735,56.02199983596802,0.0,0.0,0,1,2,1,1,1,1,1,1,1,1,1,1,1,1,1,0,1,1,1,-76.9941348973607,11.159717078826118,51136.19296721958
51.02199983596802,51.020999908447266,0.0,0.0,0,1,0,1,1,1,1,1,1,1,1,1,0,1,1,1,1,1,1,1,-75.0733137829912,14.469164979518045,52153.86708252727
56.0239999294281,56.0220000743866,0.0,0.0,0,1,1,1,1,0,1,1,1,1,1,1,1,1,2,1,1,1,0,2,-74.20821114369502,15.97591806186864,51100.30484026499
56.0310001373291,56.02400016784668,0.0,0.0,0,1,1,1,1,1,1,0,1,1,1,1,1,1,1,1,1,1,1,2,-71.45161290322582,11.443587026382152,40233.22624326199
51.0220000743866,51.021000146865845,0.0,0.0,0,1,1,1,1,0,2,1,0,1,1,1,1,1,1,1,2,1,1,1,-75.02932551319648,13.917233183831568,49857.133603654154
56.02500009536743,56.02400016784668,0.0,0.0,0,1,1,1,1,1,1,1,2,1,1,1,1,1,0,1,1,1,1,2,-72.63929618768329,15.02624018263459,47425.81007628543
51.0220000743866,51.021000146865845,0.0,0.0,0,1,0,1,1,1,1,2,1,0,1,1,1,1,0,2,1,1,1,2,-74.1642228739003,13.023649143589694,48696.88051427037
56.020999908447266,56.019999980926514,0.0,0.0,0,2,1,1,1,1,1,1,1,1,1,1,1,0,0,1,1,1,2,1,-69.97067448680352,16.293455367840924,45116.78734550335
51.0239999294281,51.0220000743866,0.0,0.0,0,2,1,1,1,1,2,1,1,1,1,1,1,1,1,1,1,1,0,1,-72.58064516129033,15.187254441834154,46183.85789749272
51.0220000743866,51.020999908447266,0.0,0.0,0,1,1,1,1,0,2,1,0,1,1,1,1,0,1,1,2,1,1,2,-75.01466275659826,12.338598366157527,45949.03305133062
56.02300000190735,56.02199983596802,0.0,0.0,0,1,1,1,0,1,1,1,1,1,1,1,1,1,1,1,1,1,1,2,-70.2199413489736,15.924270982419532,42250.14740774672
51.02300000190735,51.0220000743866,0.0,0.0,0,1,1,2,1,1,2,1,0,1,1,1,2,0,1,1,1,1,1,1,-74.34017595307918,10.987236435046,46355.96148535645
56.02300000190735,56.0220000743866,0.0,0.0,0,1,1,1,1,1,2,1,1,1,1,1,1,1,1,1,1,1,0,1,-72.99120234604105,16.218416818893992,47662.70777665268
51.02300000190735,51.02199983596802,0.0,0.0,0,1,0,1,1,0,1,1,1,1,1,1,1,1,1,1,1,1,1,1,-75.42521994134897,12.390214263915658,46920.442504700935
51.02300000190735,51.0220000743866,0.0,0.0,0,1,1,0,1,1,1,1,1,2,1,1,1,1,1,1,1,1,1,1,-73.12316715542521,13.71213062198892,48430.281943050635
56.026999950408936,56.026000022888184,0.0,0.0,0,1,0,1,1,0,1,1,1,0,1,1,1,1,0,2,1,1,1,2,-75.2199413489736,12.420825765119641,50834.33539921588
51.02300000190735,51.0220000743866,0.0,0.0,0,1,1,2,1,1,2,1,0,0,1,1,2,1,1,1,1,1,1,1,-67.88856304985339,15.70677391572393,41969.35676806424
51.02300000190735,51.0220000743866,0.0,0.0,0,1,1,1,1,0,2,1,0,1,1,1,1,0,0,1,2,1,1,1,-72.80058651026394,16.447039699540188,48582.40226669851
56.02500009536743,56.02400016784668,0.0,0.0,0,1,0,1,1,1,1,1,2,1,1,2,1,1,0,2,1,1,1,2,-68.57771260997067,17.059622240702183,43555.20019062305
51.0239999294281,51.02300000190735,0.0,0.0,0,1,1,1,1,1,1,1,1,1,1,2,1,0,0,2,1,1,1,1,-71.05571847507332,14.56677957209384,45010.02622713519
51.02300000190735,51.021000146865845,0.0,0.0,0,1,1,1,1,2,2,1,1,1,1,1,1,1,1,1,1,1,0,1,-72.65395894428153,16.139517281212694,48536.00067519763
56.02500009536743,56.02400016784668,0.0,0.0,0,1,1,1,2,2,1,1,1,0,1,1,1,1,1,1,1,0,1,1,-74.3841642228739,11.673452383850961,45026.96237509003
51.03399991989136,51.025999784469604,0.0,0.0,0,1,1,1,1,0,1,1,1,1,1,1,0,0,1,1,2,1,1,2,-71.7008797653959,15.407686265474473,47124.02983591243
56.02499985694885,56.02499985694885,0.0,0.0,0,1,1,0,1,0,0,1,1,1,1,1,1,1,1,1,1,1,1,1,-70.82111436950147,16.269297071421988,43559.577844777894
51.02899980545044,51.026999950408936,0.0,0.0,0,1,1,1,2,1,1,1,1,1,1,1,1,1,1,1,0,1,0,1,-71.58357771260997,14.926141906637929,45713.86206385118
56.026000022888184,56.02500009536743,0.0,0.0,0,1,1,1,2,2,2,1,0,0,1,1,1,1,1,1,1,0,1,1,-72.55131964809384,13.976339386667664,44473.85442580959
51.0239999294281,51.02199983596802,0.0,0.0,0,1,1,1,1,2,1,0,1,1,1,1,1,1,1,1,1,1,1,1,-69.7067448680352,17.021858725342838,44697.66203687379
56.0239999294281,56.02300000190735,0.0,0.0,0,1,1,1,1,0,2,1,1,1,1,1,1,1,2,1,1,1,0,1,-74.64809384164224,13.966320727624561,50982.81403195749
51.0239999294281,51.02199983596802,0.0,0.0,1,1,1,1,1,1,1,1,1,1,1,1,1,1,1,1,1,0,1,1,-71.93548387096776,12.211198849806474,42276.428357960154
56.02199983596802,56.020999908447266,0.0,0.0,0,1,1,0,1,1,1,1,1,1,1,1,1,1,1,1,0,1,1,1,-77.49266862170087,13.116105489529394,56358.38203408763
51.019999980926514,51.019999980926514,0.0,0.0,0,1,0,1,1,0,1,1,0,0,1,2,1,1,0,2,1,1,1,2,-73.60703812316716,14.93647889663717,50420.308428329314
56.02300000190735,56.0220000743866,0.0,0.0,0,1,1,2,1,1,2,1,0,1,1,1,2,1,1,2,1,1,1,1,-65.4692082111437,16.7491869703352,39261.05366942347
51.0220000743866,51.020999908447266,0.0,0.0,0,1,1,0,2,2,2,1,1,2,1,1,1,1,1,1,1,1,1,1,-74.12023460410558,14.220486924639216,49328.36066582153
56.02300000190735,56.02199983596802,0.0,0.0,0,1,1,0,1,1,1,1,1,2,1,1,1,1,1,1,0,1,1,1,-72.69794721407625,11.672919231976099,45574.7810854573
51.0239999294281,51.02300000190735,0.0,0.0,0,1,1,1,1,0,1,1,1,1,1,1,1,0,0,1,2,1,1,1,-73.24046920821115,14.958243510642639,49801.904618040004
56.0220000743866,56.020999908447266,0.0,0.0,0,1,1,1,1,0,1,1,1,1,1,2,1,1,1,1,1,1,1,2,-70.71847507331378,15.653306391604177,45981.56798966169
51.02300000190735,51.02199983596802,0.0,0.0,0,1,1,1,1,1,1,1,1,1,1,1,0,1,1,1,1,1,1,2,-73.78299120234604,11.87264955414829,46091.33896517954
51.02799987792969,51.020999908447266,0.0,0.0,0,1,0,1,1,1,1,1,1,0,1,2,1,1,0,2,1,1,1,2,-75.51319648093842,14.303833621700331,50019.255605212114
56.02500009536743,56.02300000190735,0.0,0.0,0,1,1,1,1,2,1,1,1,1,2,1,1,1,1,1,1,1,1,1,-69.91202346041055,16.520224800492304,44498.42328446785
51.02300000190735,51.020999908447266,0.0,0.0,0,2,1,1,1,1,1,1,1,1,1,1,0,1,1,1,1,1,0,2,-75.96774193548387,11.209493319517055,51511.39855642256
56.026999950408936,56.02500009536743,0.0,0.0,0,1,1,1,1,2,2,1,1,1,1,1,2,1,1,1,1,1,1,1,-73.02052785923753,14.489483996661704,42788.89357462499
51.021000146865845,51.02000021934509,0.0,0.0,0,1,1,1,1,1,1,1,0,1,1,1,1,1,1,1,1,1,1,2,-76.2316715542522,11.700253085490608,50727.446271303095
56.0239999294281,56.02300000190735,0.0,0.0,0,2,1,1,1,1,0,1,1,1,1,1,1,1,1,1,1,1,0,2,-75.1466275659824,13.856478520077765,49685.78361139702
56.03099989891052,56.0239999294281,0.0,0.0,0,1,1,1,1,1,1,1,0,0,1,1,1,0,1,1,2,1,1,2,-73.10850439882698,14.317623561970853,41953.91405020028
51.0220000743866,51.019999980926514,0.0,0.0,0,1,1,1,1,0,1,1,1,1,1,1,1,1,1,1,1,1,1,2,-71.21700879765396,17.706157744768426,45776.25848960602
56.02400016784668,56.02300000190735,0.0,0.0,0,1,2,1,1,1,1,1,1,1,1,1,1,1,1,0,1,1,1,1,-74.47214076246334,11.869246565808037,47349.23270799775
51.02300000190735,51.0220000743866,0.0,0.0,0,1,1,0,1,2,2,1,1,2,1,1,1,0,1,0,1,1,1,1,-75.17595307917888,14.325579942160308,52204.59942079194
56.027000188827515,56.026000022888184,0.0,0.0,0,1,0,1,1,1,1,0,1,0,1,2,1,1,0,2,1,1,1,1,-70.45454545454547,16.030900170787937,44826.69627285321
56.02300000190735,56.0220000743866,0.0,0.0,0,1,0,1,1,1,1,1,1,0,1,1,1,1,1,1,2,1,1,2,-68.57771260997067,18.235827106902423,46238.524478816675
51.02300000190735,51.0220000743866,0.0,0.0,0,2,1,1,1,2,1,1,1,1,1,1,0,1,1,1,1,1,1,1,-72.68328445747801,15.415843432119233,47445.05863319165
56.02500009536743,56.0239999294281,0.0,0.0,0,1,0,1,1,1,1,1,1,0,1,2,1,0,0,2,1,1,1,2,-74.83870967741936,14.331052819590147,50173.52658014513
56.02999997138977,56.0220000743866,0.0,0.0,0,1,0,1,1,2,2,2,1,1,1,1,1,1,0,1,1,1,0,1,-68.31378299120234,17.905248544570913,42341.92117384339
51.0220000743866,51.020999908447266,0.0,0.0,0,2,1,1,1,0,2,2,1,1,1,1,1,2,0,1,1,1,1,1,-69.28152492668622,13.672329993275916,40735.21359540802
56.02500009536743,56.02500009536743,0.0,0.0,0,1,0,1,1,1,1,1,2,1,1,1,1,0,1,1,1,1,0,1,-71.2316715542522,13.905723568620246,44989.13685719273
56.02300000190735,56.02300000190735,0.0,0.0,0,1,1,1,1,0,1,1,1,1,1,1,1,0,0,1,2,1,1,2,-71.48093841642229,15.674862554261676,43076.58283651992
51.0239999294281,51.02199983596802,0.0,0.0,0,1,1,1,1,1,1,1,1,1,1,1,1,1,1,1,2,1,1,2,-69.97067448680352,14.828634190577253,42962.40743174744
56.02300000190735,56.0220000743866,0.0,0.0,0,1,1,1,1,1,1,1,0,0,1,1,1,0,1,1,2,2,1,1,-76.46627565982405,11.139175450870267,50619.97757663164
56.0239999294281,56.02199983596802,0.0,0.0,0,2,1,1,1,1,2,1,1,2,1,1,1,1,0,1,1,1,1,1,-71.36363636363637,18.20427766066954,48039.958948470114
56.02300000190735,56.0220000743866,0.0,0.0,0,1,0,1,1,1,1,1,1,1,1,2,1,1,0,1,1,1,1,1,-74.20821114369502,13.776742104977805,49875.474043220194
51.02400016784668,51.02300000190735,0.0,0.0,0,1,0,1,1,1,1,1,1,1,1,1,1,1,1,1,1,1,2,1,-72.6099706744868,14.76531504327797,49245.24068441632
56.0239999294281,56.02300000190735,0.0,0.0,0,1,0,0,1,2,1,1,1,0,1,2,1,0,0,2,1,1,1,1,-74.97067448680352,13.34443139430304,49087.76591366406
51.0220000743866,51.021000146865845,0.0,0.0,0,1,1,1,1,1,1,1,1,2,0,1,1,1,1,1,1,1,1,2,-65.87976539589444,17.109958575167113,40764.98728651809
56.026000022888184,56.026000022888184,0.0,0.0,0,1,1,1,1,1,1,1,1,1,1,2,1,0,1,1,1,0,1,2,-74.34017595307918,13.241336194255632,49016.83947872955
56.02500009536743,56.0239999294281,0.0,0.0,0,2,1,1,1,1,2,1,1,0,1,1,1,1,1,1,1,0,1,2,-72.25806451612904,15.155600589031705,46210.8769156766
51.020999908447266,51.020999908447266,0.0,0.0,0,1,1,1,1,1,2,1,1,2,1,1,1,0,0,1,1,1,1,2,-72.28739002932552,15.562602968282725,46441.09725195425
56.02400016784668,56.02300000190735,0.0,0.0,0,1,1,1,1,1,1,1,1,1,1,1,1,1,1,1,0,1,0,1,-72.28739002932552,15.257130483427554,45671.2208280518
51.0220000743866,51.021000146865845,0.0,0.0,0,1,1,0,1,2,2,1,1,1,1,1,1,1,0,2,2,1,1,1,-73.6217008797654,14.822551105255114,46863.97016674116
56.02300000190735,56.02300000190735,0.0,0.0,0,1,1,1,1,1,2,1,1,2,0,1,2,1,1,1,1,1,1,2,-70.98240469208211,13.183432351108738,45862.12824959673
56.026000022888184,56.02499985694885,0.0,0.0,0,1,2,2,1,1,2,1,1,0,1,1,2,1,0,1,1,1,1,1,-73.76832844574781,13.547817478967147,47482.41235450972
51.0220000743866,51.021000146865845,0.0,0.0,0,1,1,1,1,1,2,1,0,1,1,0,1,0,1,1,2,1,1,1,-71.86217008797654,15.318704918768923,47349.648186052465
56.02500009536743,56.02400016784668,0.0,0.0,0,1,1,1,1,2,2,2,1,1,1,1,1,0,1,1,1,1,0,1,-71.45161290322581,17.54798260761174,46540.48073924637
51.02300000190735,51.021000146865845,0.0,0.0,0,1,1,1,1,1,1,1,1,1,0,1,1,0,0,1,1,1,1,1,-72.12609970674487,13.897445399411751,42230.93058268286
56.026999950408936,56.026000022888184,0.0,0.0,0,1,1,2,1,0,2,1,0,1,1,2,1,1,1,1,1,1,1,2,-71.73020527859236,17.350616325710277,48783.79396127073
56.02499985694885,56.0239999294281,0.0,0.0,0,2,1,1,2,2,2,1,0,1,1,1,0,1,1,1,1,1,1,1,-70.8651026392962,13.379998496807655,42313.664008326574
51.0220000743866,51.021000146865845,0.0,0.0,0,1,1,0,1,2,2,1,1,1,1,1,2,1,1,1,2,0,1,1,-71.48093841642228,15.800832348575591,45357.04304017493
56.026999950408936,56.026000022888184,0.0,0.0,0,1,1,1,1,1,1,1,0,1,1,1,2,1,1,1,1,1,2,2,-71.8181818181818,14.033382543141089,45997.69636698621
51.021000146865845,51.019999980926514,0.0,0.0,0,1,1,1,1,1,2,1,1,1,1,1,1,0,1,1,1,0,0,2,-74.17888563049854,13.648009207098406,45997.83864178489
56.027000188827515,56.027000188827515,0.0,0.0,0,2,1,1,1,1,2,1,1,1,1,2,1,1,1,1,1,0,0,1,-70.68914956011731,15.218210447519294,40233.85963806192
51.021000146865845,51.021000146865845,0.0,0.0,0,1,1,1,1,2,1,1,1,1,1,1,1,1,1,1,1,1,1,1,-71.90615835777126,13.6288019635387,43180.2191104121
56.0239999294281,56.02300000190735,0.0,0.0,0,1,1,2,1,0,2,1,0,1,1,1,2,0,1,0,1,2,1,1,-76.7008797653959,11.244970379479893,52261.87339552291
56.02300000190735,56.0220000743866,0.0,0.0,0,0,1,1,1,1,1,1,0,1,1,1,1,1,1,1,1,1,1,1,-67.93255131964811,17.41437949633122,42138.588975469494
56.02500009536743,56.02400016784668,0.0,0.0,0,1,1,1,1,1,1,1,2,1,0,2,1,1,0,1,1,1,1,1,-74.16422287390029,16.24964375049042,50762.12526257064
51.0220000743866,51.0220000743866,0.0,0.0,0,1,1,1,1,2,1,1,1,0,1,1,1,1,1,1,2,1,1,1,-71.97947214076245,15.773767738633042,48957.1976511657
56.026000022888184,56.02499985694885,0.0,0.0,0,1,1,1,1,0,1,1,0,1,1,1,1,1,1,1,1,1,1,1,-74.3841642228739,14.292999513906336,50508.85038435637
56.0220000743866,56.020999908447266,0.0,0.0,0,1,1,1,1,1,1,1,1,1,1,1,0,2,1,1,1,2,1,1,-73.35777126099707,14.831648094897302,48917.98391008946
51.02300000190735,51.02199983596802,0.0,0.0,0,1,1,0,0,1,1,1,1,1,1,1,1,0,2,1,1,1,1,1,-75.08797653958945,14.812470738696621,51204.70500876398
56.026000022888184,56.02300000190735,0.0,0.0,0,1,1,1,1,1,1,1,1,1,1,1,2,1,1,1,1,1,1,2,-70.45454545454547,14.041113162477203,43658.95172949863
51.02999997138977,51.0220000743866,0.0,0.0,0,1,2,1,1,2,1,1,1,0,1,1,1,1,1,0,2,1,1,1,-76.80351906158359,11.329751969742004,50577.72428621584
56.026000022888184,56.0239999294281,0.0009999275207519531,0.0,0,1,1,1,1,1,1,1,1,0,1,2,1,1,0,2,1,1,1,1,-71.86217008797654,15.815320371777656,48558.09628001448
56.0239999294281,56.02300000190735,0.0,0.0,0,1,1,1,1,2,2,1,2,1,1,1,1,0,1,1,1,1,1,1,-72.62463343108506,16.308969777913475,49455.69516524348
51.0220000743866,51.021000146865845,0.0,0.0,0,1,0,0,1,1,1,1,0,1,1,1,1,0,0,1,2,1,1,1,-74.26686217008798,14.281784806747092,48404.208163771094
56.02300000190735,56.02199983596802,0.0,0.0,0,1,0,1,1,0,1,1,1,1,1,1,1,1,0,1,1,1,1,1,-67.30205278592376,17.38400154560301,43677.39325457094
56.02300000190735,56.0220000743866,0.0,0.0,0,1,1,1,2,2,1,1,1,1,1,1,1,1,1,1,0,1,0,1,-70.74780058651027,14.529374815756704,46716.17416801271
56.0239999294281,56.02300000190735,0.0,0.0,0,1,1,1,1,1,1,1,1,1,1,1,1,1,1,1,0,1,1,2,-71.51026392961877,13.381013310601645,42580.37429619868
51.019999980926514,51.019999980926514,0.0,0.0,0,1,0,1,1,0,2,1,1,1,1,1,1,0,1,1,2,1,1,2,-75.0,14.218258719149846,50103.7621860437
56.026000022888184,56.02499985694885,0.0,0.0,0,0,1,1,1,2,1,1,1,1,1,1,0,0,0,1,1,1,1,1,-70.0,15.150731789882023,41762.445440707896
41.01899981498718,41.01699995994568,0.0,0.0009999275207519531,0,1,1,1,1,1,2,1,1,1,1,2,1,1,2,2,0,1,1,1,-69.32551319648094,18.21648781436739,45331.50724111244
56.02900004386902,56.0239999294281,0.0,0.0,0,1,1,1,1,1,1,0,1,1,1,1,1,1,1,1,1,1,1,1,-73.60703812316717,14.989717760513468,49541.1674489491
51.02199983596802,51.020999908447266,0.0,0.0,0,1,1,0,1,1,1,1,1,1,1,1,1,1,1,1,0,1,1,1,-75.77712609970675,14.521124890796935,52876.29416156841
56.02300000190735,56.02300000190735,0.0,0.0,0,1,1,1,1,1,1,0,1,1,1,1,1,1,1,1,0,1,1,1,-73.60703812316716,14.93647889663717,50420.308428329314
56.0239999294281,56.02300000190735,0.0,0.0,0,1,1,1,1,1,1,1,1,1,1,2,1,0,2,2,0,1,1,1,-73.75366568914956,16.894919779494685,51843.86338039253
56.019999980926514,56.01899981498718,0.0,0.0,0,1,1,1,1,1,1,0,1,1,2,1,1,1,1,1,1,1,1,1,-72.21407624633432,16.764043385745968,48360.62378154072
56.02499985694885,56.0239999294281,0.0,0.0,0,1,2,1,1,1,1,1,1,1,1,1,1,1,1,1,0,1,1,1,-75.05865102639295,14.51335367851023,52125.81932246804
51.02199983596802,51.020999908447266,0.0,0.0,0,2,1,1,1,1,1,1,1,2,1,1,1,0,1,1,1,0,1,1,-75.0733137829912,14.469164979518045,52153.86708252727
56.02199983596802,56.020999908447266,0.0,0.0,0,1,1,1,1,1,1,1,2,1,1,1,1,0,1,1,0,0,1,1,-72.94721407624635,15.834312211801322,48898.11795274944
56.02499985694885,56.02300000190735,0.0,0.0,0,1,1,1,1,1,1,1,1,1,1,2,1,1,2,2,1,1,2,1,-71.55425219941348,18.147431498044664,48730.29575732192
56.02300000190735,56.0220000743866,0.0,0.0,0,1,2,1,1,1,1,1,1,1,0,1,1,1,1,1,1,1,1,1,-75.0293255131965,11.675778579858484,48420.080384732646
51.026999950408936,51.026000022888184,0.0,0.0,0,1,1,1,1,1,1,1,1,1,1,2,0,1,2,1,0,1,1,1,-74.83870967741936,13.436482657652471,51685.348185502415
56.02300000190735,56.02300000190735,0.0,0.0,0,0,1,1,1,1,1,0,1,2,1,1,1,1,1,1,1,1,1,1,-72.69794721407625,17.027388703988983,49891.03775161333
56.02499985694885,56.0239999294281,0.0,0.0,0,1,1,1,1,1,2,1,1,1,0,1,1,1,1,1,0,0,1,1,-73.6217008797654,16.316516868145182,50315.071444538466
56.0239999294281,56.0220000743866,0.0,0.0,1,1,1,1,1,1,1,1,1,1,1,1,1,1,2,1,1,0,1,1,-71.09970674486803,17.53539085704181,49135.094424440846
56.026000022888184,56.02500009536743,0.0,0.0,0,2,0,1,1,1,1,1,1,2,1,1,1,0,1,1,1,0,1,1,-76.64222873900295,12.984797025342601,55501.32814656866
56.026999950408936,56.02499985694885,0.0,0.0,0,1,1,1,1,1,1,1,1,1,1,2,1,0,2,2,0,1,2,1,-70.87976539589444,16.46690409095479,46960.00662988806
56.02799987792969,56.026999950408936,0.0,0.0,1,1,1,1,1,1,1,1,1,2,1,1,1,1,1,1,0,0,1,1,-71.40762463343108,16.291816294818343,45231.14749293233
51.02500009536743,51.02300000190735,0.0,0.0,0,2,1,1,1,1,1,1,1,1,1,1,1,1,1,1,0,0,1,2,-75.366568914956,16.200853157692826,54707.54744262244
61.026000022888184,61.02499985694885,0.0,0.0,0,1,1,1,1,1,1,1,1,1,0,1,1,1,2,2,1,1,1,1,-72.58064516129033,15.72347896476844,47621.43253457308
51.02300000190735,51.0220000743866,0.0,0.0,1,1,1,1,1,1,1,1,1,1,1,1,1,1,1,1,0,0,1,1,-74.2375366568915,14.137937498364066,51306.500737958544
56.0239999294281,56.02300000190735,0.0,0.0,0,0,1,1,1,1,1,0,2,1,1,1,1,0,1,1,1,0,1,1,-75.79178885630499,16.1222887865919,55325.95125291175
56.02499985694885,56.0239999294281,0.0,0.0,0,1,2,1,1,1,1,1,1,1,0,1,1,0,1,1,1,1,1,1,-69.76539589442815,18.923694216654805,46540.84826819173
56.02499985694885,56.02300000190735,0.0,0.0,0,1,1,1,1,1,2,1,1,1,0,1,1,1,1,2,1,1,1,1,-73.32844574780059,15.73066675243541,49528.84607487796
56.0239999294281,56.02300000190735,0.0,0.0,0,1,1,0,1,0,1,1,1,1,1,1,1,1,1,1,0,0,1,1,-74.80938416422286,14.00594033583528,51187.59618226142
56.02400016784668,56.0220000743866,0.0,0.0,0,1,2,1,1,1,1,1,1,2,1,1,1,0,1,1,1,0,1,1,-69.4574780058651,16.517450501986072,45122.42797100718
51.0220000743866,51.021000146865845,0.0,0.0,0,1,1,1,1,1,1,1,1,1,0,2,1,1,2,2,1,1,2,1,-72.68328445747801,15.516808137461457,48900.47174468907
56.03700017929077,56.026000022888184,0.0,0.0,0,1,1,1,1,1,2,1,1,2,0,1,1,0,1,1,1,0,1,1,-72.82991202346042,13.844844839969147,46919.13070653193
56.0220000743866,56.021000146865845,0.0,0.0,0,0,1,1,1,1,1,0,1,1,1,1,1,1,1,1,1,1,1,1,-70.83577712609971,17.1826053117631,47392.619284702945
56.0239999294281,56.02300000190735,0.0,0.0,0,1,1,1,1,1,1,1,1,1,1,2,1,1,2,2,1,1,2,2,-74.03225806451613,16.278468379098303,50933.475254827776
56.026000022888184,56.02499985694885,0.0,0.0,1,1,1,1,1,1,1,1,1,1,1,0,1,1,1,1,0,0,1,1,-74.28152492668622,10.989543137679824,45400.91982681839
56.02199983596802,56.020999908447266,0.0,0.0,0,1,1,0,1,1,1,1,1,1,0,1,1,1,1,1,1,1,1,1,-73.60703812316716,17.293025183633265,52810.16376727533
56.02300000190735,56.021000146865845,0.0,0.0,0,1,1,1,1,1,2,1,1,2,0,1,1,1,1,1,1,1,1,1,-73.34310850439883,13.916135504109207,49951.78953130446
51.020999908447266,51.019999980926514,0.0,0.0,0,1,1,1,1,2,2,1,1,1,1,1,1,1,2,2,1,1,1,1,-74.76539589442817,14.095036527397536,51060.04159342771
56.031999826431274,56.02499985694885,0.0,0.0,0,1,1,1,1,1,2,1,2,1,0,1,1,1,1,1,1,0,1,1,-75.01466275659824,11.37309475974003,49938.011843332264
56.0239999294281,56.02300000190735,0.0,0.0,0,1,1,1,0,1,1,1,1,1,1,1,1,1,1,1,1,1,1,1,-72.40469208211144,15.539143514202996,49442.32052770544
56.025999784469604,56.02499985694885,0.0,0.0,0,1,1,0,1,1,1,0,1,1,2,1,1,1,1,1,1,1,1,2,-75.04398826979471,11.749444016427907,49375.122043270705
56.02499985694885,56.02300000190735,0.0,0.0,0,1,1,1,1,1,1,1,1,1,1,1,1,1,1,1,0,1,2,0,-72.2434017595308,13.832416070705998,46404.044448925146
56.02999997138977,56.0239999294281,0.0,0.0,0,1,1,0,1,1,1,0,1,1,1,1,1,1,1,1,1,1,1,1,-72.78592375366568,14.585566229018662,43955.12533952105
56.02400016784668,56.02300000190735,0.0,0.0,0,1,1,1,1,1,2,1,1,1,1,1,1,1,2,2,1,1,1,1,-73.66568914956011,14.681759564432403,50173.679845939754
56.02500009536743,56.0239999294281,0.0,0.0,0,1,1,0,1,1,1,1,1,1,1,1,1,2,1,1,1,0,1,1,-76.11436950146629,12.056908590869954,51831.49197294317
56.02300000190735,56.02300000190735,0.0,0.0,0,1,1,1,1,1,1,1,2,1,0,1,1,1,1,1,1,1,1,1,-72.87390029325513,13.871047687746415,48863.56795609265
56.02499985694885,56.0239999294281,0.0,0.0,0,1,2,1,1,1,2,1,1,1,0,1,1,0,1,1,1,1,1,1,-75.0,13.976169364265422,51929.19916902183
56.02300000190735,56.0220000743866,0.0,0.0,0,1,1,1,1,1,2,1,1,1,0,1,1,1,2,2,1,1,1,1,-73.0058651026393,15.836484523995194,48552.88763166187
56.026000022888184,56.02500009536743,0.0,0.0,0,1,1,1,1,1,1,1,1,1,1,2,1,1,1,2,1,1,2,1,-73.90029325513197,14.288478258158163,50330.54229474245
56.02300000190735,56.02300000190735,0.0,0.0,0,1,1,1,1,1,1,1,1,1,1,2,0,1,1,2,1,1,2,1,-75.76246334310851,11.783439554338395,49277.13427225161
56.026999950408936,56.02500009536743,0.0,0.0,0,2,1,1,1,1,1,1,2,1,1,1,1,1,1,1,1,1,1,2,-74.32551319648094,14.780657337504879,48160.19691024415
56.02500009536743,56.02400016784668,0.0,0.0,0,1,1,0,1,1,1,1,1,1,1,1,1,1,1,1,0,0,1,2,-76.09970674486803,11.411593659640525,49439.57883593799
56.02500009536743,56.02400016784668,0.0,0.0,0,1,1,1,1,1,1,1,1,1,1,1,0,1,1,1,0,0,1,1,-70.9090909090909,15.600685608262522,45890.227672314744
56.026000022888184,56.02500009536743,0.0,0.0,0,1,1,1,1,1,1,1,1,1,1,1,1,1,1,1,0,0,1,2,-72.19941348973607,18.42996426033322,50495.065183850194
56.0239999294281,56.02300000190735,0.0,0.0,0,1,1,1,1,1,2,1,1,1,1,1,1,2,1,1,1,1,1,1,-72.94721407624634,15.79194972089426,48592.8419879434
56.02500009536743,56.02500009536743,0.0,0.0,0,1,1,1,1,1,1,1,1,1,0,2,1,1,2,1,1,1,2,1,-77.12609970674487,12.231161273239882,52101.144026605514
56.026999950408936,56.026000022888184,0.0,0.0,0,1,0,1,1,2,1,1,1,2,0,1,1,0,1,1,1,0,1,1,-73.24046920821114,13.74826091350526,47409.97992798753
56.02300000190735,56.02300000190735,0.0,0.0,0,1,1,0,1,1,1,1,2,1,1,1,1,1,1,1,0,0,1,1,-68.28445747800586,17.149065562807866,44536.98627544675
51.02500009536743,51.02300000190735,0.0,0.0,0,1,1,1,1,1,2,1,1,1,0,1,1,0,1,1,1,1,1,2,-71.09970674486803,16.36111769406403,48184.18355231773
56.02500009536743,56.02500009536743,0.0,0.0,0,1,2,1,1,1,0,1,1,2,1,1,1,0,1,1,1,0,1,1,-72.93255131964811,15.595897714023112,46502.7827351783
56.0239999294281,56.02300000190735,0.0,0.0,0,1,1,1,1,1,1,1,1,1,1,2,1,1,1,2,1,0,2,1,-71.18768328445749,17.40881644863473,46948.554858256895
56.0220000743866,56.0220000743866,0.0,0.0,1,1,1,1,1,1,1,1,1,1,2,1,1,1,1,2,1,1,1,2,-73.43108504398828,13.427653972274248,47766.2140741513
56.02300000190735,56.020999908447266,0.0,0.0,0,2,1,1,1,1,1,1,1,1,1,1,1,1,1,1,1,1,1,1,-77.87390029325515,10.220167770517717,53608.817613717714
56.02199983596802,56.02199983596802,0.0,0.0,0,1,1,1,1,1,1,1,2,1,1,1,1,1,1,1,0,0,1,1,-77.34604105571847,11.808994156398049,53183.944071763515
56.020999908447266,56.019999980926514,0.0,0.0,0,1,1,1,1,1,1,1,1,1,1,1,1,1,2,2,1,1,1,1,-73.24046920821112,16.580520898787498,50886.797867946385
56.031999826431274,56.02199983596802,0.0,0.0,1,1,1,1,1,1,1,1,1,1,2,1,1,1,2,1,1,1,1,1,-76.45161290322581,11.819424554073983,52807.45041615926
61.026000022888184,61.02500009536743,0.0,0.0,0,1,1,1,1,1,1,1,1,1,2,1,1,1,2,1,1,1,1,1,-78.19648093841641,10.849511688418632,56261.773505568606
56.02300000190735,56.0220000743866,0.0,0.0,1,1,1,1,1,1,1,1,1,1,1,1,1,1,1,1,0,0,2,1,-76.17302052785924,11.854517630906223,52547.82479851451
56.02900004386902,56.02199983596802,0.0,0.0,0,1,1,0,1,1,2,1,1,1,1,1,1,1,2,1,1,2,1,1,-75.02932551319648,15.821844236238146,52196.47496430336
56.02300000190735,56.02300000190735,0.0,0.0,0,1,1,1,1,1,1,1,1,1,1,2,1,0,2,2,1,0,2,1,-73.68035190615836,11.978342838965474,48864.26677971998
56.02499985694885,56.0239999294281,0.0,0.0,0,1,1,1,1,2,1,1,1,1,1,1,1,1,1,1,0,0,1,1,-71.14369501466277,15.196460744312178,44752.658076007894
11.007999897003174,11.007999897003174,0.0,0.0,0,1,1,1,1,1,1,1,1,1,1,1,1,0,2,1,0,0,2,1,-0.0,NaN,740.729633165558
61.026999950408936,61.026000022888184,0.0,0.0,0,1,1,1,1,2,1,1,1,1,1,1,1,1,2,2,1,1,1,1,-70.43988269794721,17.23602943155609,45468.97025910583
11.010999917984009,11.009999990463257,0.0,0.0,0,1,1,1,1,2,2,1,1,1,1,2,1,1,2,2,1,1,2,1,-0.0,NaN,740.729633165558
16.014000177383423,16.013000011444092,0.0,0.0,0,1,1,1,1,1,2,1,0,1,0,1,1,1,2,2,1,1,1,1,-0.0,NaN,740.729633165558
11.01199984550476,11.010999917984009,0.0,0.0,0,1,1,1,1,1,1,1,2,2,0,1,1,0,1,1,1,0,1,1,-0.0,NaN,740.729633165558
16.01099991798401,16.009999990463257,0.0,0.0,0,1,1,1,1,1,1,1,1,1,0,1,1,1,2,2,0,1,2,1,-0.0,NaN,740.729633165558
11.01200008392334,11.010999917984009,0.0,0.0,0,1,1,1,1,1,1,1,2,1,1,1,1,0,1,2,0,0,1,2,-0.0,NaN,740.729633165558
16.01200008392334,16.01099991798401,0.0,0.0,0,1,1,1,1,1,2,1,1,1,1,1,1,1,1,2,0,1,1,2,-0.0,NaN,740.729633165558
