Total Time(s),Time_o1(s),Time_o2(s),var1,var2,var3,var4,o1,o2
13.559999942779541,13.478000164031982,0.007999897003173828,5.0,4.0,8.0,13.0,0.005814150066862739,39926.267866161324
0.24499988555908203,0.24499988555908203,0.0,3.0,5.0,4.0,25.0,0.002518160638243716,7826.999636827483
9.40499997138977,9.40499997138977,0.0,3.0,2.0,11.0,1.0,0.012168032914156668,17007.227750190363
3.259000062942505,3.259000062942505,0.0,5.0,1.0,9.0,29.0,0.007914162368817056,48207.44274469027
0.5810000896453857,0.5799999237060547,0.0,2.0,7.0,6.0,20.0,0.0036451021933548034,18591.456138362933
0.18600010871887207,0.18600010871887207,0.0,6.0,3.0,3.0,4.0,0.0032790739546402423,9470.771711347707
0.38299989700317383,0.38299989700317383,0.0,2.0,5.0,5.0,26.0,0.0033734654289024513,14400.153333569859
0.5819997787475586,0.5819997787475586,0.0,3.0,4.0,6.0,8.0,0.005071030861669055,10431.477665628927
5.795000076293945,5.795000076293945,0.0,2.0,7.0,10.0,23.0,0.006050098511594667,36137.95920335027
3.5789999961853027,3.5789999961853027,0.0,6.0,0.0,9.0,19.0,0.009342131930132436,28460.173277570546
0.20099997520446777,0.20099997520446777,0.0,4.0,3.0,4.0,16.0,0.00319008855676453,7918.8108493363925
1.1019999980926514,1.1019999980926514,0.0,3.0,4.0,7.0,23.0,0.0049092029903030085,13959.511295547918
0.2610001564025879,0.2610001564025879,0.0,1.0,5.0,4.0,17.0,0.003210101244509276,5341.089299716459
1.8389999866485596,1.8389999866485596,0.0,6.0,6.0,8.0,7.0,0.00570711161622059,28928.636413111013
0.565000057220459,0.565000057220459,0.0,3.0,3.0,6.0,3.0,0.006175015708482044,9739.931594058102
0.14800000190734863,0.14800000190734863,0.0,5.0,6.0,3.0,26.0,0.001875041866199259,16260.743444664542
5.868000030517578,5.868000030517578,0.0,4.0,4.0,10.0,18.0,0.006984088845368449,23663.761079956977
1.7559998035430908,1.7559998035430908,0.0,2.0,7.0,8.0,30.0,0.004623263565923968,29282.866326409745
0.9860000610351562,0.9860000610351562,0.0,5.0,3.0,7.0,15.0,0.00561510979411801,33391.862820562135
0.9369997978210449,0.9369997978210449,0.0,3.0,6.0,7.0,1.0,0.005647017885574651,12906.51821081737
0.33299994468688965,0.33299994468688965,0.0,4.0,2.0,5.0,11.0,0.004611200494448273,9231.706752926544
1.0789999961853027,1.0789999961853027,0.0,2.0,8.0,7.0,6.0,0.0047070308050829665,20869.616182996026
5.519000053405762,5.519000053405762,0.0,5.0,6.0,10.0,20.0,0.005911094230343482,61954.52090291473
3.5369999408721924,3.5369999408721924,0.0,1.0,1.0,9.0,12.0,0.010321100086715563,10344.27635701508
16.516000032424927,16.516000032424927,0.0,4.0,2.0,12.0,3.0,0.01215606975958924,21997.484883357174
0.4459998607635498,0.44499993324279785,0.0,5.0,7.0,5.0,11.0,0.0030671188434750938,26974.65637197716
6.14300012588501,6.141999959945679,0.0,1.0,8.0,10.0,22.0,0.006066098251759528,18204.484425542592
10.714999914169312,10.714999914169312,0.0,2.0,1.0,11.0,27.0,0.011301302845247533,33212.890581612904
9.795000076293945,9.795000076293945,0.0,4.0,0.0,11.0,9.0,0.01184905916096295,19523.19408522581
16.180000066757202,16.180000066757202,0.0,4.0,1.0,12.0,9.0,0.011798095651417647,22788.963118862306
0.16499996185302734,0.16499996185302734,0.0,6.0,7.0,3.0,25.0,0.0018280492334726655,11846.859915177549
0.20099997520446777,0.20099997520446777,0.0,4.0,2.0,4.0,26.0,0.003125188954287405,7905.875530413171
0.6159999370574951,0.6159999370574951,0.0,5.0,6.0,6.0,26.0,0.0033791291777616316,34684.62186613612
0.21600008010864258,0.21600008010864258,0.0,2.0,5.0,4.0,22.0,0.0028231377933072978,11158.301666246038
0.2539999485015869,0.2539999485015869,0.0,4.0,5.0,4.0,30.0,0.0023621938955132368,9261.316953215966
0.21700000762939453,0.21700000762939453,0.0,4.0,6.0,4.0,25.0,0.0022581439280967013,9436.997852721921
0.21499991416931152,0.21499991416931152,0.0,2.0,6.0,3.0,29.0,0.0020410534044948453,8816.942200156316
2.052999973297119,2.052999973297119,0.0,5.0,2.0,8.0,17.0,0.006614202748631161,37879.88488613801
0.18499994277954102,0.18499994277954102,0.0,1.0,6.0,3.0,29.0,0.002199062300163413,4314.673842629686
0.21600008010864258,0.21600008010864258,0.0,4.0,6.0,4.0,26.0,0.0022401564677495185,9483.46520541625
0.16300010681152344,0.16300010681152344,0.0,6.0,1.0,3.0,25.0,0.003047050212910841,9015.19760860727
0.2909998893737793,0.2909998893737793,0.0,3.0,2.0,4.0,23.0,0.0032991705018079924,6752.963540099283
3.796999931335449,3.796999931335449,0.0,1.0,5.0,9.0,17.0,0.006991114217347618,13205.69299540023
2.0980000495910645,2.0980000495910645,0.0,1.0,5.0,8.0,16.0,0.006237226466948271,11312.961277094751
0.18700003623962402,0.18700003623962402,0.0,6.0,6.0,3.0,26.0,0.0019670457544246397,11382.520411265179
0.19300007820129395,0.19300007820129395,0.0,4.0,5.0,3.0,25.0,0.002033044269070401,6649.021533864585
0.22500014305114746,0.22500014305114746,0.0,3.0,2.0,4.0,22.0,0.0033311610588502025,6721.35996349761
0.23600006103515625,0.23600006103515625,0.0,3.0,5.0,4.0,30.0,0.0024312009378083086,8026.47469278717
0.20000004768371582,0.20000004768371582,0.0,3.0,5.0,4.0,21.0,0.0026131289673492963,7680.376186357853
5.375,5.375,0.0,4.0,5.0,10.0,25.0,0.006286108175970248,27132.710931640693
0.17799997329711914,0.17799997329711914,0.0,1.0,2.0,4.0,17.0,0.004142112021662378,4652.682234419668
0.192000150680542,0.192000150680542,0.0,1.0,5.0,4.0,6.0,0.0038110457882318863,5143.641847483325
0.1940000057220459,0.1940000057220459,0.0,3.0,6.0,4.0,14.0,0.0026290640920297093,7792.48186069651
0.20000004768371582,0.20000004768371582,0.0,4.0,5.0,4.0,25.0,0.0024471540613537185,9031.153427108635
0.18199992179870605,0.18199992179870605,0.0,2.0,5.0,4.0,30.0,0.0026592094689963782,11607.517248030677
0.13100004196166992,0.13100004196166992,0.0,3.0,1.0,3.0,26.0,0.002937047156584313,4798.082993468194
3.0189998149871826,3.0189998149871826,0.0,5.0,5.0,9.0,30.0,0.00558713611790513,58772.262717304104
0.14100003242492676,0.13899993896484375,0.0,6.0,5.0,3.0,25.0,0.0021510506735081814,10860.068505312156
0.4869999885559082,0.4869999885559082,0.0,4.0,7.0,6.0,25.0,0.0031141197793276994,15399.31241529921
0.15199995040893555,0.15199995040893555,0.0,2.0,6.0,3.0,30.0,0.0020290537203336927,8845.546544129296
0.13400006294250488,0.13400006294250488,0.0,4.0,6.0,3.0,26.0,0.0018590422265241852,6968.890047713375
0.16199994087219238,0.16199994087219238,0.0,1.0,6.0,3.0,25.0,0.002257067566556216,4261.327802602424
0.13299989700317383,0.13299989700317383,0.0,6.0,7.0,3.0,29.0,0.0017800505610796563,11995.166521124758
0.13100004196166992,0.13100004196166992,0.0,3.0,4.0,3.0,30.0,0.0021980439031102175,5596.285530272043
0.1509997844696045,0.1509997844696045,0.0,3.0,5.0,3.0,26.0,0.002075046505502949,5779.963153939967
0.15000009536743164,0.15000009536743164,0.0,3.0,5.0,3.0,25.0,0.0020900430617573408,5762.485329349307
0.1399998664855957,0.1399998664855957,0.0,1.0,6.0,3.0,30.0,0.00218706264199268,4328.671713084549
0.19999980926513672,0.19999980926513672,0.0,5.0,6.0,4.0,26.0,0.002259155151821141,22128.085479304584
0.15400004386901855,0.15400004386901855,0.0,3.0,5.0,3.0,25.0,0.0020900430617573408,5762.485329349307
0.6330001354217529,0.6330001354217529,0.0,5.0,6.0,6.0,25.0,0.003400128379929205,34418.985286768024
0.12199997901916504,0.12199997901916504,0.0,1.0,6.0,3.0,2.0,0.0029410829638077196,4061.3488608910097
0.14100003242492676,0.14100003242492676,0.0,2.0,7.0,3.0,2.0,0.0025280648725853534,8664.038439719881
0.5540001392364502,0.5540001392364502,0.0,6.0,6.0,6.0,1.0,0.005112015356001975,20865.988028977517
0.12999987602233887,0.12999987602233887,0.0,4.0,7.0,3.0,26.0,0.0017160425402652465,7275.178693477717
0.18500018119812012,0.18500018119812012,0.0,4.0,5.0,4.0,25.0,0.0024471540613537185,9031.153427108635
0.13099980354309082,0.13099980354309082,0.0,6.0,6.0,3.0,26.0,0.0019670457544246397,11382.520411265179
0.12100005149841309,0.12100005149841309,0.0,4.0,5.0,3.0,30.0,0.001966043234519526,6754.099371504026
0.13000011444091797,0.13000011444091797,0.0,6.0,4.0,3.0,26.0,0.0023230469216096346,10414.253079494036
5.129999876022339,5.129999876022339,0.0,4.0,6.0,10.0,25.0,0.005788104093742613,28352.008064865102
0.1380000114440918,0.1380000114440918,0.0,6.0,6.0,3.0,25.0,0.001982051714764274,11348.101213452108
0.13099980354309082,0.13099980354309082,0.0,1.0,7.0,3.0,1.0,0.002743073641009297,4236.139185454084
0.15400004386901855,0.15400004386901855,0.0,6.0,6.0,3.0,26.0,0.0019670457544246397,11382.520411265179
0.14800000190734863,0.14800000190734863,0.0,6.0,7.0,3.0,22.0,0.0018720518155222092,11743.949446065531
0.15400004386901855,0.15400004386901855,0.0,1.0,6.0,3.0,6.0,0.002770079601744325,4080.3965312917535
0.14100003242492676,0.14100003242492676,0.0,4.0,5.0,3.0,29.0,0.001978042972232909,6732.2582585002765
0.20600008964538574,0.20600008964538574,0.0,4.0,4.0,4.0,26.0,0.002636175449396341,8676.74321251695
0.14600014686584473,0.14600014686584473,0.0,4.0,0.0,3.0,25.0,0.0031570426034502608,5253.547878609051
0.5059998035430908,0.5059998035430908,0.0,1.0,5.0,6.0,2.0,0.006139017999647826,7522.270343916186
0.12099981307983398,0.12099981307983398,0.0,4.0,6.0,3.0,9.0,0.002223050831627563,6684.037201734467
0.15900015830993652,0.15900015830993652,0.0,3.0,6.0,3.0,5.0,0.0024240596114782327,5758.0445684986125
0.15799999237060547,0.15799999237060547,0.0,1.0,1.0,3.0,25.0,0.0034710664067401534,3385.2986938443623
0.14700007438659668,0.14700007438659668,0.0,4.0,6.0,3.0,5.0,0.002362061176176434,6643.897579036861
0.16899991035461426,0.16899991035461426,0.0,1.0,6.0,3.0,2.0,0.0029410829638077196,4061.3488608910097
0.15399980545043945,0.15399980545043945,0.0,1.0,6.0,3.0,1.0,0.002983081795727365,4057.7956163064014
0.17300009727478027,0.15799999237060547,0.0,1.0,7.0,3.0,14.0,0.0022990724216518277,4321.95591288985
0.2109999656677246,0.2109999656677246,0.0,1.0,6.0,4.0,1.0,0.0038430334372732172,5320.115845191726
0.15599989891052246,0.15599989891052246,0.0,5.0,5.0,3.0,30.0,0.0019820428855097964,15759.56520017606
0.16000008583068848,0.16000008583068848,0.0,4.0,5.0,3.0,26.0,0.0020180445981196745,6669.188254546116
3.2160000801086426,3.2160000801086426,0.0,4.0,5.0,9.0,29.0,0.005538137322241116,24888.265035607485
0.14299988746643066,0.14299988746643066,0.0,2.0,5.0,3.0,2.0,0.002993074339203756,7942.362082586129
0.127000093460083,0.127000093460083,0.0,4.0,7.0,3.0,25.0,0.001728042244853985,7253.179539904621
0.14400005340576172,0.14400005340576172,0.0,4.0,6.0,3.0,29.0,0.0018220430840131087,7034.794308635358
0.16200017929077148,0.16200017929077148,0.0,1.0,6.0,3.0,28.0,0.002213061906047818,4300.933152246678
0.13699984550476074,0.13699984550476074,0.0,4.0,5.0,3.0,2.0,0.0026980602291275853,6336.991023339997
0.14700007438659668,0.14700007438659668,0.0,4.0,6.0,3.0,26.0,0.0018590422265241852,6968.890047713375
0.1529998779296875,0.1529998779296875,0.0,4.0,6.0,3.0,25.0,0.001873041910903224,6947.817069460474
0.1400001049041748,0.1400001049041748,0.0,4.0,6.0,3.0,21.0,0.0019350436687578913,6868.345370326817
0.5260000228881836,0.5260000228881836,0.0,4.0,5.0,6.0,25.0,0.003654130402708694,14116.617311444466
0.14299988746643066,0.14299988746643066,0.0,4.0,5.0,3.0,29.0,0.001978042972232909,6732.2582585002765
0.1510000228881836,0.1510000228881836,0.0,4.0,4.0,3.0,2.0,0.002944061480336306,6058.47635614135
0.1529998779296875,0.1529998779296875,0.0,1.0,6.0,3.0,1.0,0.002983081795727365,4057.7956163064014
0.16300010681152344,0.16300010681152344,0.0,3.0,5.0,3.0,30.0,0.00202104774807524,5853.552788636823
0.5539999008178711,0.5539999008178711,0.0,1.0,5.0,6.0,22.0,0.004546120653920219,8463.95385155372
0.15799999237060547,0.15799999237060547,0.0,3.0,5.0,3.0,30.0,0.00202104774807524,5853.552788636823
3.377000093460083,3.375999927520752,0.0,3.0,5.0,9.0,30.0,0.0057071423672447495,21829.697580712953
0.12899994850158691,0.12899994850158691,0.0,4.0,5.0,3.0,24.0,0.0020490439233945184,6629.3033395900065
0.1399998664855957,0.1399998664855957,0.0,6.0,5.0,3.0,30.0,0.002081046371419916,11031.695640123244
0.5759999752044678,0.5759999752044678,0.0,1.0,6.0,6.0,26.0,0.004085148956892514,9117.100604812922
0.20300006866455078,0.20300006866455078,0.0,1.0,1.0,4.0,30.0,0.004042279307519459,4715.329018761336
0.17400002479553223,0.17400002479553223,0.0,4.0,2.0,3.0,30.0,0.0025430442387028977,5883.571008065727
0.15199995040893555,0.15199995040893555,0.0,3.0,2.0,3.0,30.0,0.0026150478007103428,5099.0948736569635
0.17799997329711914,0.17799997329711914,0.0,4.0,5.0,3.0,29.0,0.001978042972232909,6732.2582585002765
0.20099997520446777,0.20099997520446777,0.0,2.0,6.0,3.0,1.0,0.0027890654348724053,8292.01712897395
0.1700000762939453,0.1700000762939453,0.0,3.0,5.0,3.0,30.0,0.00202104774807524,5853.552788636823
0.19899988174438477,0.19899988174438477,0.0,4.0,5.0,4.0,30.0,0.0023621938955132368,9261.316953215966
0.16300010681152344,0.16300010681152344,0.0,2.0,5.0,3.0,25.0,0.0022760538218592283,8333.440322443614
0.15400004386901855,0.15400004386901855,0.0,3.0,2.0,3.0,26.0,0.0026850465545312243,5034.990125209927
0.2049999237060547,0.2049999237060547,0.0,2.0,1.0,3.0,25.0,0.0032240552104453794,6917.784287421088
0.19500017166137695,0.19500017166137695,0.0,4.0,5.0,3.0,25.0,0.002033044269070401,6649.021533864585
1.9219999313354492,1.9219999313354492,0.0,3.0,4.0,8.0,30.0,0.005371283924724144,17746.33702799672
0.15899991989135742,0.15899991989135742,0.0,1.0,6.0,3.0,1.0,0.002983081795727365,4057.7956163064014
0.12999987602233887,0.12999987602233887,0.0,2.0,6.0,3.0,1.0,0.0027890654348724053,8292.01712897395
0.14700007438659668,0.14700007438659668,0.0,2.0,1.0,3.0,6.0,0.004013084349973222,6624.0628081648565
0.15400004386901855,0.15400004386901855,0.0,2.0,5.0,3.0,17.0,0.002440057581287786,8152.848367482762
0.20000004768371582,0.20000004768371582,0.0,3.0,5.0,4.0,25.0,0.002518160638243716,7826.999636827483
0.18499994277954102,0.18499994277954102,0.0,1.0,1.0,4.0,2.0,0.005889045678206275,4233.318802000369
0.14700007438659668,0.14700007438659668,0.0,2.0,6.0,3.0,1.0,0.0027890654348724053,8292.01712897395
0.1529998779296875,0.1529998779296875,0.0,1.0,5.0,3.0,25.0,0.0024500622441072798,4078.066540770279
3.0759999752044678,3.0759999752044678,0.0,3.0,1.0,9.0,17.0,0.008357115351603087,15490.284972006533
0.13199996948242188,0.13199996948242188,0.0,4.0,6.0,3.0,30.0,0.0018110433456988266,7057.616923507418
0.15399980545043945,0.15399980545043945,0.0,2.0,2.0,3.0,25.0,0.002946057195643017,7259.352458661988
0.14700007438659668,0.14700007438659668,0.0,1.0,5.0,3.0,25.0,0.0024500622441072798,4078.066540770279
0.2389998435974121,0.2389998435974121,0.0,1.0,6.0,4.0,1.0,0.0038430334372732172,5320.115845191726
0.17600011825561523,0.17600011825561523,0.0,4.0,2.0,3.0,25.0,0.0026310442793689355,5792.03653616648
0.14700007438659668,0.14700007438659668,0.0,1.0,2.0,3.0,25.0,0.003172066834100442,3552.449075515441
0.1510000228881836,0.1510000228881836,0.0,1.0,6.0,3.0,25.0,0.002257067566556216,4261.327802602424
0.1419999599456787,0.1419999599456787,0.0,2.0,2.0,3.0,25.0,0.002946057195643017,7259.352458661988
0.15400004386901855,0.15400004386901855,0.0,4.0,6.0,3.0,25.0,0.001873041910903224,6947.817069460474
0.20000004768371582,0.18400001525878906,0.0,1.0,6.0,3.0,25.0,0.002257067566556216,4261.327802602424
3.4129998683929443,3.4129998683929443,0.0,3.0,5.0,9.0,25.0,0.005728129275775817,20553.36550394258
0.17799997329711914,0.17799997329711914,0.0,6.0,5.0,3.0,30.0,0.002081046371419916,11031.695640123244
0.1530001163482666,0.1530001163482666,0.0,2.0,5.0,3.0,22.0,0.0023300560079105395,8261.049979429505
0.16199994087219238,0.16199994087219238,0.0,4.0,6.0,3.0,25.0,0.001873041910903224,6947.817069460474
6.156000137329102,6.156000137329102,0.0,2.0,5.0,10.0,25.0,0.007107112704889377,34006.331034323004
3.370999813079834,3.370999813079834,0.0,1.0,5.0,9.0,26.0,0.006807144041373004,14722.683694108457
0.17799997329711914,0.17799997329711914,0.0,4.0,5.0,4.0,30.0,0.0023621938955132368,9261.316953215966
0.1830000877380371,0.1830000877380371,0.0,1.0,5.0,3.0,26.0,0.002434062653261004,4090.435462788284
0.2389998435974121,0.2389998435974121,0.0,3.0,5.0,4.0,25.0,0.002518160638243716,7826.999636827483
0.16700005531311035,0.16700005531311035,0.0,1.0,2.0,3.0,25.0,0.003172066834100442,3552.449075515441
0.16700005531311035,0.16700005531311035,0.0,3.0,2.0,3.0,25.0,0.00270504306804901,5019.764998010949
0.18499994277954102,0.18499994277954102,0.0,4.0,6.0,3.0,22.0,0.0019180440558026813,6887.463261021608
0.14499998092651367,0.14400005340576172,0.0,4.0,1.0,3.0,25.0,0.0028790434175260367,5519.508739963634
0.18400001525878906,0.18400001525878906,0.0,1.0,6.0,3.0,26.0,0.0022410680489445205,4274.252562597537
0.1789999008178711,0.1789999008178711,0.0,4.0,5.0,3.0,25.0,0.002033044269070401,6649.021533864585
0.18499994277954102,0.18499994277954102,0.0,3.0,1.0,3.0,5.0,0.003767070347099985,4574.325576392328
0.16899991035461426,0.16899991035461426,0.0,2.0,5.0,3.0,25.0,0.0022760538218592283,8333.440322443614
0.2539999485015869,0.2539999485015869,0.0,1.0,1.0,4.0,25.0,0.004179218706887688,4598.143011717546
5.322999954223633,5.322999954223633,0.0,1.0,1.0,10.0,25.0,0.010929122105640506,13814.413204938635
0.15400004386901855,0.15400004386901855,0.0,3.0,1.0,3.0,25.0,0.002959046805983305,4783.574241301816
0.16199994087219238,0.16199994087219238,0.0,3.0,2.0,3.0,30.0,0.0026150478007103428,5099.0948736569635
0.1830000877380371,0.1830000877380371,0.0,3.0,2.0,3.0,26.0,0.0026850465545312243,5034.990125209927
0.5329999923706055,0.5329999923706055,0.0,1.0,6.0,6.0,6.0,0.0052050266089617644,7988.773467937135
0.556999921798706,0.556999921798706,0.0,1.0,2.0,6.0,25.0,0.005741163906386927,7542.24721066569
5.572000026702881,5.572000026702881,0.0,1.0,2.0,10.0,22.0,0.010020110578232157,13937.808388306035
0.1510000228881836,0.1510000228881836,0.0,1.0,6.0,3.0,22.0,0.0023080632573653607,4224.3108000932525
0.5329999923706055,0.5250000953674316,0.0,1.0,6.0,6.0,25.0,0.004108140698661621,9047.27613252188
0.16100001335144043,0.16100001335144043,0.0,1.0,2.0,3.0,29.0,0.003090068607652587,3596.920916067467
0.20399999618530273,0.20399999618530273,0.0,1.0,2.0,4.0,25.0,0.0038262071297827044,4825.178032522162
0.14600014686584473,0.14600014686584473,0.0,3.0,6.0,3.0,25.0,0.0019250467526790095,6021.4414601990775
0.17799997329711914,0.17799997329711914,0.0,4.0,6.0,3.0,30.0,0.0018110433456988266,7057.616923507418
0.21700000762939453,0.21700000762939453,0.0,1.0,5.0,4.0,2.0,0.00411103940628158,5099.625564575102
0.17799997329711914,0.16300010681152344,0.0,1.0,5.0,3.0,25.0,0.0024500622441072798,4078.066540770279
0.14699983596801758,0.14699983596801758,0.0,3.0,6.0,3.0,25.0,0.0019250467526790095,6021.4414601990775
0.1660001277923584,0.1660001277923584,0.0,1.0,6.0,3.0,6.0,0.002770079601744325,4080.3965312917535
5.678999900817871,5.678999900817871,0.0,1.0,2.0,10.0,30.0,0.009997137840402123,15463.527008759342
0.1960000991821289,0.1960000991821289,0.0,1.0,5.0,4.0,30.0,0.0028752192959842207,5680.274397972459
0.23799991607666016,0.23799991607666016,0.0,1.0,6.0,4.0,2.0,0.003776038400228472,5328.793923279466
0.15899991989135742,0.15899991989135742,0.0,2.0,5.0,3.0,6.0,0.002812071122855892,7979.611651715554
0.15000009536743164,0.15000009536743164,0.0,4.0,6.0,3.0,14.0,0.0020810492545828892,6749.999049103659
0.1699998378753662,0.1699998378753662,0.0,1.0,2.0,3.0,25.0,0.003172066834100442,3552.449075515441
0.18600010871887207,0.18600010871887207,0.0,4.0,6.0,3.0,24.0,0.0018870415999654062,6927.212773616036
0.1510000228881836,0.1510000228881836,0.0,1.0,2.0,3.0,25.0,0.003172066834100442,3552.449075515441
0.16899991035461426,0.16899991035461426,0.0,1.0,6.0,3.0,25.0,0.002257067566556216,4261.327802602424
0.17300009727478027,0.17300009727478027,0.0,2.0,2.0,3.0,25.0,0.002946057195643017,7259.352458661988
0.20099997520446777,0.20099997520446777,0.0,4.0,5.0,3.0,29.0,0.001978042972232909,6732.2582585002765
0.1830000877380371,0.1830000877380371,0.0,3.0,6.0,3.0,24.0,0.0019400463911979013,6003.584403800564
0.18799996376037598,0.18799996376037598,0.0,1.0,1.0,3.0,30.0,0.0033620661801933645,3438.79827490318
0.21799993515014648,0.21799993515014648,0.0,2.0,1.0,4.0,25.0,0.0038692130982927266,9396.205284814116
0.16100001335144043,0.16100001335144043,0.0,3.0,5.0,3.0,22.0,0.0021410478742895965,5712.428177265083
0.17599987983703613,0.17599987983703613,0.0,2.0,6.0,3.0,25.0,0.0020960553427808153,8707.930727057128
0.18499994277954102,0.18499994277954102,0.0,1.0,5.0,3.0,29.0,0.002388067000735113,4129.118398546836
3.4630000591278076,3.4630000591278076,0.0,3.0,1.0,9.0,25.0,0.008110149505403707,17061.830820803705
5.699999809265137,5.699999809265137,0.0,4.0,6.0,10.0,25.0,0.005788104093742613,28352.008064865102
0.15600013732910156,0.15600013732910156,0.0,2.0,2.0,3.0,1.0,0.003976079098810787,6912.626755912117
0.15799999237060547,0.15799999237060547,0.0,3.0,5.0,3.0,2.0,0.00276706541303237,5492.058886894664
0.1659998893737793,0.1659998893737793,0.0,3.0,5.0,3.0,25.0,0.0020900430617573408,5762.485329349307
0.19099998474121094,0.19099998474121094,0.0,4.0,1.0,3.0,25.0,0.0028790434175260367,5519.508739963634
0.17599987983703613,0.17599987983703613,0.0,1.0,5.0,3.0,25.0,0.0024500622441072798,4078.066540770279
3.2799999713897705,3.2799999713897705,0.0,3.0,1.0,9.0,25.0,0.008110149505403707,17061.830820803705
0.16100001335144043,0.16100001335144043,0.0,1.0,5.0,3.0,25.0,0.0024500622441072798,4078.066540770279
0.27300000190734863,0.27300000190734863,0.0,3.0,2.0,3.0,25.0,0.00270504306804901,5019.764998010949
0.14299988746643066,0.14299988746643066,0.0,4.0,6.0,3.0,25.0,0.001873041910903224,6947.817069460474
0.13499999046325684,0.13499999046325684,0.0,1.0,4.0,3.0,25.0,0.0026660662032290195,3898.8329989783983
0.14699983596801758,0.14699983596801758,0.0,3.0,1.0,3.0,25.0,0.002959046805983305,4783.574241301816
0.13700008392333984,0.13700008392333984,0.0,4.0,5.0,3.0,30.0,0.001966043234519526,6754.099371504026
0.21700000762939453,0.21700000762939453,0.0,2.0,5.0,3.0,25.0,0.0022760538218592283,8333.440322443614
0.23799991607666016,0.23799991607666016,0.0,3.0,6.0,3.0,29.0,0.001873041910903224,6096.821734150644
0.17799997329711914,0.17799997329711914,0.0,2.0,2.0,3.0,25.0,0.002946057195643017,7259.352458661988
0.16700005531311035,0.16700005531311035,0.0,3.0,2.0,3.0,30.0,0.0026150478007103428,5099.0948736569635
0.17199993133544922,0.17199993133544922,0.0,1.0,5.0,3.0,25.0,0.0024500622441072798,4078.066540770279
0.19099998474121094,0.19099998474121094,0.0,1.0,0.0,3.0,25.0,0.003807063303912873,3222.1760322135515
0.20300006866455078,0.20300006866455078,0.0,3.0,6.0,3.0,22.0,0.0019710456615715426,5969.134826218727
0.16699981689453125,0.16699981689453125,0.0,1.0,6.0,3.0,29.0,0.002199062300163413,4314.673842629686
0.1549999713897705,0.1549999713897705,0.0,5.0,5.0,3.0,25.0,0.002050043901968931,15514.383579017365
0.1959998607635498,0.1959998607635498,0.0,2.0,1.0,4.0,25.0,0.0038692130982927266,9396.205284814116
0.15199995040893555,0.15199995040893555,0.0,3.0,1.0,3.0,25.0,0.002959046805983305,4783.574241301816
0.18700003623962402,0.18700003623962402,0.0,1.0,2.0,3.0,1.0,0.00425309322728764,3382.7747954463553
5.606000185012817,5.606000185012817,0.0,1.0,1.0,10.0,26.0,0.010925128008403381,13995.546400249332
0.15799999237060547,0.15799999237060547,0.0,2.0,4.0,3.0,29.0,0.0024100539413050488,8066.918761579683
0.15699982643127441,0.15699982643127441,0.0,4.0,5.0,3.0,25.0,0.002033044269070401,6649.021533864585
0.24300003051757812,0.24300003051757812,0.0,1.0,5.0,4.0,30.0,0.0028752192959842207,5680.274397972459
0.17300009727478027,0.17300009727478027,0.0,3.0,7.0,3.0,25.0,0.0017760475781915302,6286.088934584005
5.705999851226807,5.705999851226807,0.0,2.0,0.0,10.0,24.0,0.011065119475179653,26520.323218687212
0.4680001735687256,0.4680001735687256,0.0,3.0,6.0,6.0,5.0,0.004570024617001532,11237.33130763991
0.18500018119812012,0.18500018119812012,0.0,3.0,2.0,4.0,25.0,0.003242183831925636,6818.1863503030545
0.14499998092651367,0.14499998092651367,0.0,1.0,1.0,3.0,22.0,0.003553070362376743,3355.891519355745
0.15400004386901855,0.15400004386901855,0.0,2.0,5.0,3.0,30.0,0.002203055605290071,8465.137878951713
0.13299989700317383,0.13299989700317383,0.0,4.0,1.0,3.0,26.0,0.0028570437518526037,5536.249607847916
0.15199995040893555,0.15199995040893555,0.0,3.0,5.0,3.0,22.0,0.0021410478742895965,5712.428177265083
0.20199990272521973,0.20199990272521973,0.0,3.0,5.0,3.0,25.0,0.0020900430617573408,5762.485329349307
2.9660000801086426,2.9660000801086426,0.0,1.0,6.0,9.0,6.0,0.007357063136877377,12233.900393534546
0.13100004196166992,0.13100004196166992,0.0,1.0,2.0,3.0,29.0,0.003090068607652587,3596.920916067467
0.12999987602233887,0.12999987602233887,0.0,1.0,4.0,3.0,22.0,0.0027270683893147966,3864.96489082256
0.4660000801086426,0.4649999141693115,0.0,1.0,6.0,6.0,30.0,0.004011176012094208,9406.08164621504
0.13100004196166992,0.13100004196166992,0.0,2.0,4.0,3.0,25.0,0.0024760583595707106,7967.180476173249
3.0460000038146973,3.0460000038146973,0.0,1.0,1.0,9.0,25.0,0.009650164609995003,12074.526427030314
0.1359999179840088,0.13499999046325684,0.0,1.0,5.0,3.0,24.0,0.00246806847554925,4065.9727149485375
2.8989999294281006,2.8989999294281006,0.0,4.0,8.0,9.0,18.0,0.004478100601817695,24791.861463280573
0.12800002098083496,0.12800002098083496,0.0,3.0,7.0,3.0,25.0,0.0017760475781915302,6286.088934584005
0.18499994277954102,0.18499994277954102,0.0,4.0,6.0,4.0,29.0,0.002193182390956119,9627.825478091703
0.1549999713897705,0.1549999713897705,0.0,2.0,7.0,3.0,25.0,0.001934052998239707,9090.651690013792
0.14599990844726562,0.14599990844726562,0.0,1.0,5.0,3.0,25.0,0.0024500622441072798,4078.066540770279
0.14700007438659668,0.14700007438659668,0.0,4.0,0.0,3.0,25.0,0.0031570426034502608,5253.547878609051
0.13499999046325684,0.13499999046325684,0.0,2.0,7.0,3.0,25.0,0.001934052998239707,9090.651690013792
0.21799993515014648,0.21799993515014648,0.0,2.0,5.0,4.0,25.0,0.002751170114696654,11319.045628642822
0.14700007438659668,0.14700007438659668,0.0,3.0,7.0,3.0,22.0,0.0018190464535024937,6231.483379544976
0.15400004386901855,0.15400004386901855,0.0,4.0,4.0,3.0,25.0,0.002212043625247929,6356.792933116954
0.16499996185302734,0.16499996185302734,0.0,2.0,6.0,3.0,9.0,0.0024740656822323857,8377.326626173864
0.15000009536743164,0.15000009536743164,0.0,3.0,2.0,3.0,22.0,0.0027710469140741732,4976.159656639808
0.5049998760223389,0.5049998760223389,0.0,1.0,6.0,6.0,22.0,0.004192120346554951,8844.309308586506
0.12000012397766113,0.12000012397766113,0.0,1.0,1.0,3.0,25.0,0.0034710664067401534,3385.2986938443623
5.190999984741211,5.190999984741211,0.0,1.0,1.0,10.0,1.0,0.01423301531650971,10387.40012897671
0.503000020980835,0.503000020980835,0.0,4.0,7.0,6.0,26.0,0.0030951287533800597,15518.160215155547
0.2390000820159912,0.2390000820159912,0.0,3.0,5.0,3.0,23.0,0.0021230482801858274,5728.706777109909
0.28600001335144043,0.28600001335144043,0.0,2.0,7.0,5.0,30.0,0.0028164269917752174,16101.803487883439
0.1380000114440918,0.1380000114440918,0.0,5.0,1.0,3.0,25.0,0.0029030430585852496,12878.853726581814
0.1230001449584961,0.1230001449584961,0.0,3.0,4.0,3.0,22.0,0.0023290468007320076,5461.363432684052
0.13899993896484375,0.13899993896484375,0.0,4.0,0.0,3.0,26.0,0.0031330429298048247,5269.482077666066
0.1380000114440918,0.1380000114440918,0.0,3.0,6.0,3.0,22.0,0.0019710456615715426,5969.134826218727
0.1359999179840088,0.1359999179840088,0.0,1.0,1.0,3.0,25.0,0.0034710664067401534,3385.2986938443623
0.13200020790100098,0.13200020790100098,0.0,4.0,7.0,3.0,30.0,0.00167104697719723,7367.805190939455
5.430000066757202,5.430000066757202,0.0,4.0,7.0,10.0,26.0,0.005332100617955366,29986.19028349203
0.1230001449584961,0.1230001449584961,0.0,1.0,7.0,3.0,25.0,0.002082062679171787,4448.616784474834
0.12199997901916504,0.12199997901916504,0.0,6.0,4.0,3.0,30.0,0.002263051479750295,10546.845807051159
0.1380000114440918,0.1380000114440918,0.0,4.0,7.0,3.0,30.0,0.00167104697719723,7367.805190939455
0.14100003242492676,0.14100003242492676,0.0,1.0,7.0,3.0,22.0,0.0021290685756921966,4409.9728532164445
3.063999891281128,3.063999891281128,0.0,2.0,6.0,9.0,25.0,0.005788130786359272,31059.043587435528
3.2829999923706055,3.2829999923706055,0.0,1.0,4.0,9.0,25.0,0.007412145978055208,13906.176777353177
0.12100005149841309,0.12100005149841309,0.0,1.0,4.0,3.0,22.0,0.0027270683893147966,3864.96489082256
0.13299989700317383,0.13299989700317383,0.0,4.0,2.0,3.0,25.0,0.0026310442793689355,5792.03653616648
0.14699983596801758,0.14699983596801758,0.0,4.0,7.0,3.0,6.0,0.0021420525203645216,6945.217548715391
0.18199992179870605,0.1809999942779541,0.0,1.0,4.0,3.0,25.0,0.0026660662032290195,3898.8329989783983
0.1380000114440918,0.1380000114440918,0.0,3.0,5.0,3.0,26.0,0.002075046505502949,5779.963153939967
0.13899993896484375,0.13899993896484375,0.0,1.0,4.0,3.0,25.0,0.0026660662032290195,3898.8329989783983
0.13199996948242188,0.13199996948242188,0.0,1.0,1.0,3.0,2.0,0.004595098366738192,3226.430734951694
2.9749999046325684,2.9749999046325684,0.0,1.0,5.0,9.0,26.0,0.006807144041373004,14722.683694108457
0.11700010299682617,0.11700010299682617,0.0,2.0,4.0,3.0,25.0,0.0024760583595707106,7967.180476173249
0.11999988555908203,0.11999988555908203,0.0,3.0,0.0,3.0,25.0,0.0032450456083081484,4553.074828127844
0.12200021743774414,0.12200021743774414,0.0,3.0,6.0,3.0,22.0,0.0019710456615715426,5969.134826218727
0.13400006294250488,0.13400006294250488,0.0,1.0,0.0,3.0,30.0,0.0036860634829042217,3273.097703655613
5.115000009536743,5.115000009536743,0.0,1.0,6.0,10.0,25.0,0.007093112927340154,17389.231613117263
0.12899994850158691,0.12899994850158691,0.0,1.0,1.0,3.0,19.0,0.0036490715257445966,3328.71813270959
0.11300015449523926,0.11300015449523926,0.0,1.0,6.0,3.0,25.0,0.002257067566556216,4261.327802602424
0.13300013542175293,0.13300013542175293,0.0,1.0,6.0,3.0,1.0,0.002983081795727365,4057.7956163064014
3.0199999809265137,3.0199999809265137,0.0,3.0,1.0,9.0,23.0,0.008142138109857876,16652.855431514832
0.10100007057189941,0.10100007057189941,0.0,1.0,6.0,3.0,25.0,0.002257067566556216,4261.327802602424
0.12299990653991699,0.12299990653991699,0.0,2.0,4.0,3.0,25.0,0.0024760583595707106,7967.180476173249
0.12199997901916504,0.12199997901916504,0.0,1.0,5.0,3.0,1.0,0.00325108197374351,3883.2873927317855
0.1380000114440918,0.1380000114440918,0.0,3.0,6.0,3.0,18.0,0.002046047409030397,5905.630975128009
0.125,0.125,0.0,4.0,7.0,3.0,30.0,0.00167104697719723,7367.805190939455
0.1380000114440918,0.12199997901916504,0.0,2.0,6.0,3.0,25.0,0.0020960553427808153,8707.930727057128
1.684000015258789,1.684000015258789,0.0,1.0,7.0,8.0,30.0,0.005014306532313317,14329.9133086686
5.687000036239624,5.687000036239624,0.0,4.0,4.0,10.0,25.0,0.006840110233029874,25940.211537608095
0.14699983596801758,0.14699983596801758,0.0,3.0,7.0,3.0,26.0,0.0017630445258132307,6305.154867680688
0.13199996948242188,0.13199996948242188,0.0,4.0,6.0,3.0,17.0,0.0020120459736298274,6797.252618437167
0.1770000457763672,0.1770000457763672,0.0,2.0,5.0,4.0,29.0,0.002675208216195517,11547.930559261205
0.12999987602233887,0.12999987602233887,0.0,1.0,7.0,3.0,26.0,0.0020680631034859648,4462.109598666333
2.999000072479248,2.999000072479248,0.0,3.0,6.0,9.0,26.0,0.005268124713785732,21738.678639695983
0.12400007247924805,0.12400007247924805,0.0,4.0,6.0,3.0,17.0,0.0020120459736298274,6797.252618437167
0.1399998664855957,0.1399998664855957,0.0,4.0,7.0,3.0,25.0,0.001728042244853985,7253.179539904621
0.13100004196166992,0.13100004196166992,0.0,3.0,3.0,3.0,26.0,0.0024590473765261213,5277.605862535798
0.20000004768371582,0.20000004768371582,0.0,4.0,3.0,4.0,29.0,0.002806208830432974,8412.972263228512
0.13199996948242188,0.13199996948242188,0.0,2.0,6.0,3.0,25.0,0.0020960553427808153,8707.930727057128
0.12199997901916504,0.12199997901916504,0.0,1.0,1.0,3.0,30.0,0.0033620661801933645,3438.79827490318
0.13200020790100098,0.13200020790100098,0.0,3.0,7.0,3.0,26.0,0.0017630445258132307,6305.154867680688
0.11599993705749512,0.11599993705749512,0.0,2.0,7.0,3.0,14.0,0.002140061914992181,8831.822952427085
0.18000006675720215,0.18000006675720215,0.0,4.0,0.0,4.0,25.0,0.0037642068221605466,7135.726164629048
0.13699984550476074,0.13699984550476074,0.0,1.0,6.0,3.0,22.0,0.0023080632573653607,4224.3108000932525
0.15200018882751465,0.15200018882751465,0.0,3.0,3.0,3.0,22.0,0.0025380482658925144,5215.940592475622
0.5539999008178711,0.5539999008178711,0.0,1.0,1.0,6.0,1.0,0.008975018050121126,6224.618611661265
0.1269998550415039,0.1269998550415039,0.0,1.0,0.0,3.0,21.0,0.00393007150062184,3185.3195920356243
0.1530001163482666,0.1530001163482666,0.0,1.0,1.0,3.0,26.0,0.0034470699151598304,3395.566426146722
0.13499999046325684,0.13499999046325684,0.0,3.0,6.0,3.0,25.0,0.0019250467526790095,6021.4414601990775
5.366999864578247,5.366999864578247,0.0,1.0,6.0,10.0,25.0,0.007093112927340154,17389.231613117263
0.12899994850158691,0.12899994850158691,0.0,3.0,0.0,3.0,22.0,0.0033260488571276283,4513.52349808599
0.12899994850158691,0.12899994850158691,0.0,4.0,7.0,3.0,26.0,0.0017160425402652465,7275.178693477717
0.12599992752075195,0.12599992752075195,0.0,2.0,0.0,3.0,25.0,0.003535057991037771,6584.446674523344
0.1380000114440918,0.1380000114440918,0.0,4.0,4.0,3.0,9.0,0.0026320556605056813,6115.451806501853
0.13100004196166992,0.13100004196166992,0.0,2.0,5.0,3.0,22.0,0.0023300560079105395,8261.049979429505
0.1529998779296875,0.1529998779296875,0.0,1.0,1.0,3.0,19.0,0.0036490715257445966,3328.71813270959
0.11599993705749512,0.11599993705749512,0.0,1.0,0.0,3.0,21.0,0.00393007150062184,3185.3195920356243
0.14800000190734863,0.14800000190734863,0.0,3.0,4.0,3.0,30.0,0.0021980439031102175,5596.285530272043
0.12999987602233887,0.12999987602233887,0.0,4.0,7.0,3.0,25.0,0.001728042244853985,7253.179539904621
0.13100004196166992,0.13100004196166992,0.0,2.0,4.0,3.0,30.0,0.0023960542564808503,8093.0898437780315
0.13400006294250488,0.13400006294250488,0.0,4.0,7.0,3.0,26.0,0.0017160425402652465,7275.178693477717
0.16100001335144043,0.16100001335144043,0.0,1.0,6.0,4.0,30.0,0.0026522120955911497,5935.536111659132
5.28600001335144,5.28600001335144,0.0,3.0,6.0,10.0,29.0,0.005952109710010392,25877.679380369034
0.125,0.125,0.0,3.0,3.0,3.0,22.0,0.0025380482658925144,5215.940592475622
0.12399983406066895,0.12399983406066895,0.0,4.0,4.0,3.0,25.0,0.002212043625247929,6356.792933116954
0.13000011444091797,0.13000011444091797,0.0,1.0,1.0,3.0,25.0,0.0034710664067401534,3385.2986938443623
0.13099980354309082,0.13099980354309082,0.0,4.0,7.0,3.0,16.0,0.0018760493063882944,7078.924499823508
0.13700008392333984,0.13700008392333984,0.0,1.0,7.0,3.0,25.0,0.002082062679171787,4448.616784474834
0.13100004196166992,0.13100004196166992,0.0,1.0,7.0,3.0,29.0,0.0020290675198228374,4504.307428340726
3.2749998569488525,3.2749998569488525,0.0,2.0,0.0,9.0,22.0,0.00981615163900803,22645.70901560436
0.12100005149841309,0.12100005149841309,0.0,1.0,6.0,3.0,16.0,0.0024400696711364615,4158.950928714778
0.12299990653991699,0.12299990653991699,0.0,1.0,3.0,3.0,21.0,0.002998070879749176,3681.0349535461673
0.125,0.125,0.0,4.0,7.0,3.0,26.0,0.0017160425402652465,7275.178693477717
0.13100004196166992,0.13100004196166992,0.0,3.0,7.0,3.0,24.0,0.0017900472060814485,6267.447045366462
0.15400004386901855,0.15400004386901855,0.0,1.0,4.0,3.0,26.0,0.0026470666784197184,3910.658299238577
0.13099980354309082,0.13099980354309082,0.0,1.0,7.0,3.0,22.0,0.0021290685756921966,4409.9728532164445
0.13200020790100098,0.13200020790100098,0.0,4.0,3.0,3.0,30.0,0.0023290446539300184,6167.07641378318
0.1789999008178711,0.1789999008178711,0.0,1.0,0.0,3.0,22.0,0.003897066845718713,3194.1858601839313
0.12899994850158691,0.12899994850158691,0.0,4.0,1.0,3.0,29.0,0.002799040192637469,5588.60549755011
5.328999996185303,5.328999996185303,0.0,1.0,7.0,10.0,26.0,0.006538110889240102,18391.530040541777
0.11100006103515625,0.11100006103515625,0.0,6.0,6.0,3.0,25.0,0.001982051714764274,11348.101213452108
0.12000012397766113,0.12000012397766113,0.0,3.0,4.0,3.0,30.0,0.0021980439031102175,5596.285530272043
0.13199996948242188,0.13199996948242188,0.0,1.0,2.0,3.0,26.0,0.0031500673008683483,3563.2237809177946
0.11599993705749512,0.11599993705749512,0.0,1.0,2.0,3.0,22.0,0.0032460680830814384,3521.5899108527874
0.12000012397766113,0.12000012397766113,0.0,3.0,6.0,3.0,25.0,0.0019250467526790095,6021.4414601990775
0.11899995803833008,0.11899995803833008,0.0,1.0,0.0,3.0,22.0,0.003897066845718713,3194.1858601839313
0.12599992752075195,0.12599992752075195,0.0,1.0,4.0,3.0,26.0,0.0026470666784197184,3910.658299238577
0.1529998779296875,0.1529998779296875,0.0,1.0,3.0,3.0,22.0,0.002973065253236128,3691.2810346750557
0.14700007438659668,0.14700007438659668,0.0,4.0,7.0,3.0,25.0,0.001728042244853985,7253.179539904621
0.11299991607666016,0.11299991607666016,0.0,4.0,0.0,3.0,29.0,0.0030690438250373683,5319.315167210098
0.562999963760376,0.562999963760376,0.0,1.0,1.0,6.0,16.0,0.0067840872635897016,6730.677344414526
0.1380000114440918,0.1380000114440918,0.0,1.0,0.0,3.0,26.0,0.003780066798351585,3231.949007635187
0.14699983596801758,0.14699983596801758,0.0,1.0,3.0,3.0,22.0,0.002973065253236128,3691.2810346750557
0.12299990653991699,0.12299990653991699,0.0,1.0,4.0,3.0,20.0,0.002774067230620051,3843.8021860016975
0.1530001163482666,0.1530001163482666,0.0,1.0,0.0,3.0,30.0,0.0036860634829042217,3273.097703655613
0.20099997520446777,0.20099997520446777,0.0,1.0,6.0,4.0,25.0,0.00274016240394616,5788.025349669445
0.12999987602233887,0.12999987602233887,0.0,2.0,7.0,3.0,30.0,0.001873054724240592,9234.315839310784
0.18400001525878906,0.18400001525878906,0.0,4.0,5.0,3.0,30.0,0.001966043234519526,6754.099371504026
0.11599993705749512,0.11599993705749512,0.0,1.0,0.0,3.0,1.0,0.005142100446315688,3068.2764584547444
0.5169999599456787,0.5169999599456787,0.0,6.0,6.0,6.0,30.0,0.003486162073111346,25048.804383942224
0.1380000114440918,0.1380000114440918,0.0,1.0,5.0,3.0,29.0,0.002388067000735113,4129.118398546836
0.1400001049041748,0.13899993896484375,0.0,1.0,6.0,3.0,25.0,0.002257067566556216,4261.327802602424
0.1380000114440918,0.1380000114440918,0.0,2.0,0.0,3.0,25.0,0.003535057991037771,6584.446674523344
0.17100000381469727,0.17100000381469727,0.0,1.0,4.0,4.0,22.0,0.003308157493227915,5220.455546042594
0.12899994850158691,0.12899994850158691,0.0,1.0,3.0,3.0,26.0,0.0028850641240707286,3734.9210719484113
0.13100004196166992,0.13100004196166992,0.0,4.0,6.0,3.0,25.0,0.001873041910903224,6947.817069460474
0.16899991035461426,0.16899991035461426,0.0,1.0,5.0,4.0,30.0,0.0028752192959842207,5680.274397972459
0.11599993705749512,0.11599993705749512,0.0,3.0,6.0,3.0,25.0,0.0019250467526790095,6021.4414601990775
0.13100004196166992,0.13100004196166992,0.0,1.0,2.0,3.0,25.0,0.003172066834100442,3552.449075515441
0.11399984359741211,0.11399984359741211,0.0,1.0,7.0,3.0,24.0,0.0020970622308362713,4435.424062874727
0.125,0.125,0.0,1.0,7.0,3.0,25.0,0.002082062679171787,4448.616784474834
0.13100004196166992,0.13100004196166992,0.0,3.0,7.0,3.0,25.0,0.0017760475781915302,6286.088934584005
0.1510000228881836,0.1510000228881836,0.0,1.0,0.0,3.0,7.0,0.0046520971614960925,3089.852343713095
0.13199996948242188,0.13199996948242188,0.0,1.0,5.0,3.0,30.0,0.0023740673958419964,4142.514281189136
0.13100004196166992,0.13100004196166992,0.0,1.0,0.0,3.0,22.0,0.003897066845718713,3194.1858601839313
0.16899991035461426,0.16899991035461426,0.0,1.0,4.0,3.0,20.0,0.002774067230620051,3843.8021860016975
0.13199996948242188,0.13199996948242188,0.0,3.0,6.0,3.0,7.0,0.0023500614885572676,5774.161567313847
0.12800002098083496,0.12800002098083496,0.0,1.0,6.0,3.0,30.0,0.00218706264199268,4328.671713084549
5.256999969482422,5.256999969482422,0.0,1.0,6.0,10.0,6.0,0.008203044495795448,13691.362930155894
0.12400007247924805,0.12400007247924805,0.0,1.0,3.0,3.0,30.0,0.00281406574194705,3782.473533787017
0.12599992752075195,0.12599992752075195,0.0,4.0,7.0,3.0,27.0,0.0017040460674524031,7297.65371967501
8.45900011062622,8.45900011062622,0.0,2.0,3.0,11.0,26.0,0.00943824422231169,36022.41918921737
0.13199996948242188,0.13199996948242188,0.0,4.0,0.0,3.0,25.0,0.0031570426034502608,5253.547878609051
0.16899991035461426,0.16899991035461426,0.0,1.0,7.0,4.0,17.0,0.0027320915065202336,5826.403092875886
5.10699987411499,5.10699987411499,0.0,3.0,7.0,10.0,26.0,0.005494103566552054,25988.031579026425
0.1510000228881836,0.1510000228881836,0.0,4.0,4.0,4.0,1.0,0.0038630254982332177,7936.229357296762
0.4680001735687256,0.4680001735687256,0.0,4.0,4.0,6.0,25.0,0.003968134700334655,13496.183266645183
0.47499990463256836,0.47499990463256836,0.0,1.0,3.0,6.0,19.0,0.005513105658338138,7560.420952169534
0.12099981307983398,0.12099981307983398,0.0,1.0,0.0,3.0,7.0,0.0046520971614960925,3089.852343713095
0.12800002098083496,0.12800002098083496,0.0,1.0,4.0,3.0,30.0,0.00258206525866408,3960.448221423292
0.14700007438659668,0.14700007438659668,0.0,1.0,0.0,3.0,25.0,0.003807063303912873,3222.1760322135515
0.13199996948242188,0.13199996948242188,0.0,1.0,0.0,3.0,25.0,0.003807063303912873,3222.1760322135515
0.5110001564025879,0.5110001564025879,0.0,2.0,6.0,6.0,22.0,0.003879119229928361,18073.153804502857
5.297999858856201,5.297999858856201,0.0,6.0,7.0,10.0,5.0,0.006795046063125695,37669.909114848444
0.09800004959106445,0.09800004959106445,0.0,2.0,3.0,3.0,21.0,0.002786057429415266,7522.114905072603
0.1230001449584961,0.1230001449584961,0.0,4.0,6.0,3.0,22.0,0.0019180440558026813,6887.463261021608
0.11500000953674316,0.11500000953674316,0.0,1.0,7.0,3.0,22.0,0.0021290685756921966,4409.9728532164445
0.11699986457824707,0.11699986457824707,0.0,1.0,7.0,3.0,20.0,0.002165064895101299,4385.825944668261
0.11999988555908203,0.11999988555908203,0.0,1.0,4.0,3.0,25.0,0.0026660662032290195,3898.8329989783983
0.13199996948242188,0.11599993705749512,0.0,1.0,0.0,3.0,18.0,0.004042072240819057,3160.203866289234
0.13100004196166992,0.13100004196166992,0.0,2.0,1.0,3.0,7.0,0.003949079639612248,6633.694677166861
0.12199997901916504,0.12199997901916504,0.0,1.0,7.0,3.0,25.0,0.002082062679171787,4448.616784474834
0.13199996948242188,0.13199996948242188,0.0,1.0,3.0,3.0,21.0,0.002998070879749176,3681.0349535461673
0.1700000762939453,0.1700000762939453,0.0,1.0,3.0,3.0,22.0,0.002973065253236128,3691.2810346750557
0.13100004196166992,0.13100004196166992,0.0,4.0,2.0,3.0,30.0,0.0025430442387028977,5883.571008065727
0.1380000114440918,0.1380000114440918,0.0,4.0,4.0,3.0,4.0,0.0028480635526617025,6071.262138332631
0.12999987602233887,0.12999987602233887,0.0,4.0,7.0,3.0,25.0,0.001728042244853985,7253.179539904621
0.13199996948242188,0.13199996948242188,0.0,3.0,8.0,3.0,25.0,0.0016420444573762307,6556.427752504096
0.14800000190734863,0.14800000190734863,0.0,1.0,5.0,3.0,4.0,0.003106085317566148,3894.890276760915
0.13100004196166992,0.13100004196166992,0.0,1.0,0.0,3.0,25.0,0.003807063303912873,3222.1760322135515
5.259000062942505,5.259000062942505,0.0,1.0,0.0,10.0,7.0,0.013638033325960162,10465.501174618408
0.12999987602233887,0.12999987602233887,0.0,1.0,7.0,3.0,7.0,0.002514079553236134,4265.927392038896
0.14499998092651367,0.14499998092651367,0.0,1.0,2.0,3.0,30.0,0.0030720633131496498,3608.590218280313
0.14800000190734863,0.14800000190734863,0.0,1.0,0.0,3.0,29.0,0.003708068095383363,3262.5133025555265
0.23000001907348633,0.23000001907348633,0.0,1.0,4.0,4.0,22.0,0.003308157493227915,5220.455546042594
1.0339999198913574,1.0339999198913574,0.0,1.0,4.0,7.0,7.0,0.006896034875201836,8637.694837587625
0.1530001163482666,0.1530001163482666,0.0,3.0,7.0,3.0,25.0,0.0017760475781915302,6286.088934584005
0.13400006294250488,0.13400006294250488,0.0,1.0,4.0,3.0,21.0,0.0027500678173456015,3854.236706363106
0.1510000228881836,0.1510000228881836,0.0,2.0,6.0,3.0,25.0,0.0020960553427808153,8707.930727057128
0.5410001277923584,0.5410001277923584,0.0,1.0,0.0,6.0,21.0,0.007062133459514908,6638.174925837313
0.13499999046325684,0.13499999046325684,0.0,1.0,1.0,3.0,25.0,0.0034710664067401534,3385.2986938443623
0.11699986457824707,0.11699986457824707,0.0,1.0,3.0,3.0,7.0,0.0035310886423311435,3570.710614703443
0.13199996948242188,0.13199996948242188,0.0,2.0,4.0,3.0,24.0,0.0024940549312314677,7943.55317828443
0.1789999008178711,0.1789999008178711,0.0,4.0,0.0,4.0,5.0,0.0051090341552978485,6610.078022179093
0.1380000114440918,0.1380000114440918,0.0,3.0,7.0,3.0,29.0,0.0017290454013703632,6364.782235698852
0.13100004196166992,0.13100004196166992,0.0,1.0,6.0,3.0,26.0,0.0022410680489445205,4274.252562597537
0.12999987602233887,0.12999987602233887,0.0,1.0,3.0,3.0,8.0,0.003479083356287975,3576.2900134318943
0.5060000419616699,0.5060000419616699,0.0,1.0,7.0,6.0,25.0,0.0037951404453590385,9444.911614716848
8.608999967575073,8.608999967575073,0.0,1.0,0.0,11.0,29.0,0.01352239760545444,15906.611660588618
3.242000102996826,3.242000102996826,0.0,1.0,7.0,9.0,1.0,0.007572042921167312,12270.279145231962
0.14800000190734863,0.14800000190734863,0.0,1.0,7.0,3.0,0.0,0.002780072660920933,4232.947936913486
0.13300013542175293,0.13300013542175293,0.0,3.0,1.0,3.0,1.0,0.004037071834882307,4555.09819610133
0.11699986457824707,0.11699986457824707,0.0,1.0,0.0,3.0,1.0,0.005142100446315688,3068.2764584547444
0.11700010299682617,0.11700010299682617,0.0,3.0,6.0,3.0,6.0,0.0023860605608408184,5765.777707260087
0.12100005149841309,0.12100005149841309,0.0,1.0,0.0,3.0,30.0,0.0036860634829042217,3273.097703655613
0.13199996948242188,0.13199996948242188,0.0,1.0,1.0,3.0,1.0,0.004671097301491374,3223.6079541640183
0.13100004196166992,0.13100004196166992,0.0,1.0,0.0,3.0,29.0,0.003708068095383363,3262.5133025555265
0.16899991035461426,0.16899991035461426,0.0,1.0,7.0,3.0,1.0,0.002743073641009297,4236.139185454084
0.13199996948242188,0.13199996948242188,0.0,3.0,7.0,3.0,6.0,0.0021970582604928803,6019.188542220006
0.1269998550415039,0.1269998550415039,0.0,3.0,0.0,3.0,24.0,0.0032700452596256214,4539.572328015544
3.0929999351501465,3.0929999351501465,0.0,4.0,7.0,9.0,9.0,0.0053330757541966345,21452.888153406628
0.10600018501281738,0.10600018501281738,0.0,2.0,1.0,3.0,30.0,0.0031190520995969273,7027.109518280411
0.1119999885559082,0.1119999885559082,0.0,3.0,5.0,3.0,29.0,0.0020340474429078586,5834.623824033573
0.11600017547607422,0.11600017547607422,0.0,1.0,3.0,3.0,22.0,0.002973065253236128,3691.2810346750557
0.1230001449584961,0.1230001449584961,0.0,4.0,0.0,3.0,6.0,0.003965067212545079,5030.488038906572
0.13099980354309082,0.13099980354309082,0.0,1.0,0.0,3.0,0.0,0.005226098831824748,3065.9650063655818
0.1530001163482666,0.1530001163482666,0.0,1.0,8.0,3.0,25.0,0.0019240678262472972,4639.933486387514
0.13199996948242188,0.13199996948242188,0.0,4.0,7.0,3.0,14.0,0.0019190463777616215,7046.667249276929
2.9850001335144043,2.9850001335144043,0.0,3.0,3.0,9.0,26.0,0.006780141886420962,18995.660115688952
0.1510000228881836,0.1510000228881836,0.0,3.0,1.0,4.0,7.0,0.004574040445820303,6049.404878782995
0.16100001335144043,0.16100001335144043,0.0,2.0,7.0,4.0,25.0,0.0023451518074529844,12347.541626504702
0.19099998474121094,0.19099998474121094,0.0,1.0,0.0,4.0,25.0,0.0045752401029891315,4376.578714305816
0.14800000190734863,0.14800000190734863,0.0,4.0,1.0,3.0,30.0,0.002782040438239531,5606.736317776924
0.12299990653991699,0.12299990653991699,0.0,1.0,0.0,3.0,6.0,0.004727095302614493,3085.3659971960305
0.14700007438659668,0.14700007438659668,0.0,1.0,4.0,3.0,17.0,0.0028540695506591987,3814.3423389258965
0.1530001163482666,0.1530001163482666,0.0,3.0,7.0,3.0,25.0,0.0017760475781915302,6286.088934584005
0.12599992752075195,0.12599992752075195,0.0,1.0,0.0,3.0,8.0,0.004580092793819793,3094.6803793894164
0.12199997901916504,0.12199997901916504,0.0,1.0,0.0,3.0,6.0,0.004727095302614493,3085.3659971960305
5.5909998416900635,5.5909998416900635,0.0,1.0,0.0,10.0,16.0,0.012300088007815228,11685.921047124888
0.12600016593933105,0.12600016593933105,0.0,2.0,0.0,3.0,6.0,0.004410083105792905,6304.878342096236
0.12299990653991699,0.12299990653991699,0.0,1.0,0.0,3.0,2.0,0.005056101660370368,3070.9632218457523
0.13100004196166992,0.13100004196166992,0.0,1.0,0.0,3.0,6.0,0.004727095302614493,3085.3659971960305
0.13100004196166992,0.13100004196166992,0.0,1.0,0.0,3.0,0.0,0.005226098831824748,3065.9650063655818
0.5230000019073486,0.5230000019073486,0.0,1.0,1.0,6.0,30.0,0.006125212975889084,7472.411742574417
3.182999849319458,3.182999849319458,0.0,1.0,1.0,9.0,30.0,0.009640190091486785,12824.335765441296
0.12299990653991699,0.12299990653991699,0.0,1.0,6.0,3.0,25.0,0.002257067566556216,4261.327802602424
0.11599993705749512,0.11599993705749512,0.0,1.0,1.0,3.0,25.0,0.0034710664067401534,3385.2986938443623
0.14100003242492676,0.14100003242492676,0.0,4.0,0.0,3.0,30.0,0.0030500399997377085,5336.57234291676
5.174999952316284,5.174999952316284,0.0,1.0,1.0,10.0,22.0,0.010967110558392305,13282.004478878966
0.10599994659423828,0.10599994659423828,0.0,1.0,2.0,3.0,14.0,0.0035140739889763283,3451.303861628651
0.11500000953674316,0.11500000953674316,0.0,2.0,0.0,3.0,29.0,0.003441054780150993,6666.875009569989
0.13699984550476074,0.13699984550476074,0.0,3.0,3.0,3.0,21.0,0.0025600478511152874,5201.462434358715
2.934000015258789,2.934000015258789,0.0,2.0,0.0,9.0,25.0,0.009758165657540355,23485.099120934152
0.5,0.5,0.0,1.0,7.0,6.0,8.0,0.004622036780468109,8423.269004412101
0.16900014877319336,0.16900014877319336,0.0,2.0,6.0,3.0,29.0,0.0020410534044948453,8816.942200156316
5.204999923706055,5.204999923706055,0.0,4.0,7.0,10.0,25.0,0.005338100504861256,29598.10293728114
0.10599994659423828,0.10599994659423828,0.0,1.0,7.0,3.0,22.0,0.0021290685756921966,4409.9728532164445
0.1640000343322754,0.1640000343322754,0.0,4.0,0.0,4.0,21.0,0.003912162828922129,7002.052363631089
0.11599993705749512,0.11599993705749512,0.0,5.0,7.0,3.0,1.0,0.0023310557693886264,16115.746901184018
0.13700008392333984,0.13700008392333984,0.0,1.0,7.0,3.0,8.0,0.002479080676379855,4272.593098794514
0.1529998779296875,0.1529998779296875,0.0,4.0,0.0,3.0,1.0,0.004333072235723748,5002.62466052404
0.14400005340576172,0.14400005340576172,0.0,1.0,0.0,3.0,6.0,0.004727095302614493,3085.3659971960305
5.112000226974487,5.112000226974487,0.0,1.0,7.0,10.0,6.0,0.007562044763157648,14293.109977653294
0.11700010299682617,0.11700010299682617,0.0,1.0,0.0,3.0,25.0,0.003807063303912873,3222.1760322135515
0.12899994850158691,0.12899994850158691,0.0,4.0,0.0,3.0,25.0,0.0031570426034502608,5253.547878609051
0.5210001468658447,0.5210001468658447,0.0,2.0,7.0,6.0,26.0,0.003488136608563375,19449.42746966162
0.13499999046325684,0.13499999046325684,0.0,1.0,7.0,3.0,22.0,0.0021290685756921966,4409.9728532164445
0.12800002098083496,0.12800002098083496,0.0,1.0,7.0,3.0,24.0,0.0020970622308362713,4435.424062874727
0.1529998779296875,0.1529998779296875,0.0,3.0,6.0,3.0,30.0,0.0018620421584915846,6116.601333706429
0.13899993896484375,0.13899993896484375,0.0,1.0,1.0,3.0,25.0,0.0034710664067401534,3385.2986938443623
0.12999987602233887,0.12999987602233887,0.0,4.0,6.0,3.0,17.0,0.0020120459736298274,6797.252618437167
3.0380001068115234,3.0380001068115234,0.0,1.0,1.0,9.0,25.0,0.009650164609995003,12074.526427030314
2.934000015258789,2.934000015258789,0.0,1.0,8.0,9.0,30.0,0.005338145370819345,17577.197860545413
8.380000114440918,8.380000114440918,0.0,1.0,1.0,11.0,1.0,0.015495028718914979,11469.56997218927
0.14699983596801758,0.14699983596801758,0.0,1.0,0.0,4.0,1.0,0.006611044773710128,4022.7719056270143
0.7929999828338623,0.7929999828338623,0.0,1.0,0.0,7.0,0.0,0.01143601595836592,6879.796040265643
0.1700000762939453,0.1700000762939453,0.0,1.0,3.0,4.0,22.0,0.003600162496332631,4985.8586284260045
0.14599990844726562,0.14599990844726562,0.0,1.0,8.0,4.0,1.0,0.0032560307123858647,5792.791544102898
0.12299990653991699,0.12299990653991699,0.0,1.0,5.0,3.0,25.0,0.0024500622441072798,4078.066540770279
0.10400009155273438,0.10400009155273438,0.0,1.0,3.0,3.0,24.0,0.0029260692062902413,3712.5844691060965
0.45399999618530273,0.45399999618530273,0.0,1.0,2.0,6.0,1.0,0.008178017913895762,6531.961469940789
0.11599993705749512,0.11599993705749512,0.0,1.0,3.0,3.0,25.0,0.002905069706564715,3723.6271772267824
0.11599993705749512,0.11599993705749512,0.0,1.0,3.0,3.0,17.0,0.0031120721392666976,3642.9333598522653
0.11899995803833008,0.11899995803833008,0.0,1.0,1.0,3.0,24.0,0.003497065913019084,3375.259325347405
0.11500000953674316,0.11500000953674316,0.0,2.0,7.0,3.0,23.0,0.00196305629058364,9037.364083113125
0.11599993705749512,0.11599993705749512,0.0,1.0,1.0,3.0,17.0,0.0037220736156073,3311.936710606631
0.11400008201599121,0.11400008201599121,0.0,1.0,7.0,3.0,25.0,0.002082062679171787,4448.616784474834
0.11699986457824707,0.11699986457824707,0.0,1.0,3.0,3.0,25.0,0.002905069706564715,3723.6271772267824
0.40799999237060547,0.40799999237060547,0.0,1.0,8.0,6.0,22.0,0.003583114566965449,9630.098604434465
4.5959999561309814,4.5959999561309814,0.0,1.0,0.0,10.0,25.0,0.011988126542542001,13148.757363415683
0.39800000190734863,0.39800000190734863,0.0,4.0,5.0,6.0,24.0,0.003679122042009479,14009.312035414705
0.09999990463256836,0.09999990463256836,0.0,1.0,0.0,3.0,14.0,0.004222075792782503,3130.4343416132897
0.09500002861022949,0.09500002861022949,0.0,2.0,1.0,3.0,30.0,0.0031190520995969273,7027.109518280411
0.11599993705749512,0.11599993705749512,0.0,1.0,7.0,3.0,1.0,0.002743073641009297,4236.139185454084
0.11600017547607422,0.11600017547607422,0.0,1.0,6.0,3.0,21.0,0.002328062713931908,4212.585160467114
0.10599994659423828,0.10599994659423828,0.0,1.0,7.0,3.0,30.0,0.0020180678878570957,4518.920517109533
2.635000228881836,2.635000228881836,0.0,1.0,4.0,9.0,9.0,0.008248081958855647,11531.663844211731
0.4009997844696045,0.4009997844696045,0.0,4.0,0.0,6.0,22.0,0.005752128736389686,10903.644253209299
0.10000014305114746,0.10000014305114746,0.0,3.0,4.0,3.0,26.0,0.002257048293679158,5525.930205445815
0.11099982261657715,0.11099982261657715,0.0,1.0,7.0,3.0,23.0,0.002113061759627484,4422.539870459614
0.1100001335144043,0.1100001335144043,0.0,1.0,0.0,3.0,20.0,0.0039650682213550874,3176.6960214890064
2.74399995803833,2.74399995803833,0.0,1.0,7.0,9.0,9.0,0.006439078660802336,13157.771400756066
0.09400010108947754,0.09400010108947754,0.0,1.0,7.0,3.0,9.0,0.002445074027509188,4279.721211197519
0.09999990463256836,0.09999990463256836,0.0,1.0,3.0,3.0,24.0,0.0029260692062902413,3712.5844691060965
0.09999990463256836,0.09999990463256836,0.0,1.0,4.0,3.0,6.0,0.0032840876967584164,3733.292856607197
0.0970001220703125,0.0970001220703125,0.0,1.0,1.0,3.0,6.0,0.00430209786034674,3241.5626508040787
0.10900020599365234,0.10900020599365234,0.0,3.0,3.0,3.0,24.0,0.002496046674243092,5246.043271562962
0.09999990463256836,0.09999990463256836,0.0,1.0,7.0,3.0,1.0,0.002743073641009297,4236.139185454084
0.09999990463256836,0.09999990463256836,0.0,4.0,2.0,3.0,18.0,0.0028010489106761417,5680.638199865025
0.0989999771118164,0.0989999771118164,0.0,2.0,6.0,3.0,25.0,0.0020960553427808153,8707.930727057128
4.696000099182129,4.696000099182129,0.0,1.0,7.0,10.0,22.0,0.00656710141538868,17453.86549306581
0.11500000953674316,0.11500000953674316,0.0,1.0,3.0,3.0,1.0,0.003881087605298288,3545.7769823017616
0.11599993705749512,0.11599993705749512,0.0,3.0,1.0,3.0,29.0,0.002878046733463513,4843.458097876763
0.09999990463256836,0.09999990463256836,0.0,1.0,7.0,3.0,1.0,0.002743073641009297,4236.139185454084
0.11600017547607422,0.11600017547607422,0.0,1.0,1.0,3.0,14.0,0.003848075103217191,3288.912580157462
0.11599993705749512,0.11599993705749512,0.0,1.0,0.0,3.0,30.0,0.0036860634829042217,3273.097703655613
4.5340001583099365,4.5340001583099365,0.0,3.0,0.0,10.0,29.0,0.010060135436464062,19567.243387802628
0.11699986457824707,0.11699986457824707,0.0,1.0,6.0,3.0,1.0,0.002983081795727365,4057.7956163064014
0.10599994659423828,0.09999990463256836,0.0,1.0,1.0,3.0,1.0,0.004671097301491374,3223.6079541640183
0.11600017547607422,0.11600017547607422,0.0,1.0,7.0,3.0,25.0,0.002082062679171787,4448.616784474834
0.10500001907348633,0.10500001907348633,0.0,2.0,6.0,3.0,26.0,0.0020810557416849743,8734.342193134096
0.40199995040893555,0.40199995040893555,0.0,1.0,4.0,6.0,28.0,0.004764174010256132,8472.044624878765
0.09999990463256836,0.09999990463256836,0.0,4.0,1.0,3.0,30.0,0.002782040438239531,5606.736317776924
0.12100005149841309,0.12100005149841309,0.0,2.0,6.0,3.0,30.0,0.0020290537203336927,8845.546544129296
4.483999967575073,4.483999967575073,0.0,3.0,6.0,10.0,1.0,0.007890031242016725,18476.101359690852
0.09999990463256836,0.09999990463256836,0.0,4.0,1.0,3.0,30.0,0.002782040438239531,5606.736317776924
0.11599993705749512,0.09999990463256836,0.0,3.0,7.0,3.0,25.0,0.0017760475781915302,6286.088934584005
0.11600017547607422,0.11600017547607422,0.0,1.0,6.0,3.0,24.0,0.002273064231384586,4248.690501151169
0.11699986457824707,0.11699986457824707,0.0,1.0,0.0,3.0,25.0,0.003807063303912873,3222.1760322135515
0.1530001163482666,0.1530001163482666,0.0,1.0,7.0,4.0,9.0,0.003064049934318956,5658.529238578543
0.11500000953674316,0.11500000953674316,0.0,1.0,1.0,3.0,25.0,0.0034710664067401534,3385.2986938443623
4.73199987411499,4.73199987411499,0.0,1.0,7.0,10.0,22.0,0.00656710141538868,17453.86549306581
0.11600017547607422,0.11600017547607422,0.0,1.0,0.0,3.0,18.0,0.004042072240819057,3160.203866289234
0.11599993705749512,0.11599993705749512,0.0,1.0,1.0,3.0,30.0,0.0033620661801933645,3438.79827490318
0.09999990463256836,0.09999990463256836,0.0,1.0,0.0,3.0,25.0,0.003807063303912873,3222.1760322135515
0.1119999885559082,0.1119999885559082,0.0,3.0,6.0,3.0,26.0,0.0019110470951810685,6039.704708018258
0.1380000114440918,0.1380000114440918,0.0,1.0,0.0,4.0,7.0,0.005834050822541744,4074.8290768171737
0.11599993705749512,0.11599993705749512,0.0,1.0,0.0,3.0,6.0,0.004727095302614493,3085.3659971960305
4.501000165939331,4.501000165939331,0.0,3.0,7.0,10.0,17.0,0.005646085900869734,23096.57693583457
4.888999938964844,4.888999938964844,0.0,1.0,6.0,10.0,26.0,0.00709011297512247,17617.23746753572
4.517000198364258,4.517000198364258,0.0,1.0,7.0,10.0,27.0,0.006537110906203137,18631.7510577616
0.1099998950958252,0.1099998950958252,0.0,1.0,2.0,3.0,30.0,0.0030720633131496498,3608.590218280313
0.11599993705749512,0.11599993705749512,0.0,1.0,6.0,3.0,24.0,0.002273064231384586,4248.690501151169
0.11599993705749512,0.11599993705749512,0.0,1.0,4.0,3.0,30.0,0.00258206525866408,3960.448221423292
4.483000040054321,4.483000040054321,0.0,1.0,7.0,10.0,21.0,0.00658210118427239,17225.944304390607
0.10800004005432129,0.10800004005432129,0.0,4.0,3.0,3.0,26.0,0.0023920434778657348,6089.545226002844
0.10000014305114746,0.10000014305114746,0.0,1.0,4.0,3.0,25.0,0.0026660662032290195,3898.8329989783983
0.11599993705749512,0.11599993705749512,0.0,1.0,2.0,3.0,0.0,0.004319091802682596,3380.226419518057
0.11600017547607422,0.11600017547607422,0.0,3.0,6.0,3.0,1.0,0.002580056782320885,5733.841631737307
0.11500000953674316,0.11500000953674316,0.0,3.0,7.0,3.0,27.0,0.0017510448309509383,6324.6332237183415
0.12099981307983398,0.12099981307983398,0.0,4.0,3.0,3.0,17.0,0.0025920503467332574,5939.565260628694
0.09399986267089844,0.09399986267089844,0.0,1.0,7.0,3.0,26.0,0.0020680631034859648,4462.109598666333
0.11599993705749512,0.11599993705749512,0.0,1.0,4.0,3.0,29.0,0.002597061608818705,3947.6410960921853
0.43199992179870605,0.43199992179870605,0.0,1.0,0.0,6.0,30.0,0.006705219310358163,7112.349070862035
0.10199999809265137,0.10000014305114746,0.0,1.0,7.0,3.0,1.0,0.002743073641009297,4236.139185454084
0.11599993705749512,0.11599993705749512,0.0,3.0,7.0,3.0,21.0,0.0018350460484685392,6214.186326391784
4.4709999561309814,4.4709999561309814,0.0,1.0,4.0,10.0,26.0,0.008381117526917278,16118.606681072348
0.1529998779296875,0.1529998779296875,0.0,1.0,4.0,4.0,30.0,0.0031222370185493608,5430.622831839353
0.42600011825561523,0.42600011825561523,0.0,2.0,0.0,6.0,5.0,0.00839602364217729,12288.022601927025
0.09400010108947754,0.09400010108947754,0.0,1.0,0.0,3.0,30.0,0.0036860634829042217,3273.097703655613
0.09999990463256836,0.09999990463256836,0.0,1.0,1.0,3.0,17.0,0.0037220736156073,3311.936710606631
0.09999990463256836,0.09999990463256836,0.0,4.0,2.0,3.0,30.0,0.0025430442387028977,5883.571008065727
0.13100004196166992,0.13100004196166992,0.0,2.0,6.0,3.0,30.0,0.0020290537203336927,8845.546544129296
0.10599994659423828,0.10599994659423828,0.0,2.0,0.0,3.0,25.0,0.003535057991037771,6584.446674523344
0.10400009155273438,0.10400009155273438,0.0,3.0,6.0,3.0,5.0,0.0024240596114782327,5758.0445684986125
0.12000012397766113,0.12000012397766113,0.0,4.0,0.0,3.0,24.0,0.003182046511287979,5237.968070787167
0.11599993705749512,0.11599993705749512,0.0,2.0,7.0,3.0,2.0,0.0025280648725853534,8664.038439719881
4.536999940872192,4.536999940872192,0.0,1.0,1.0,10.0,25.0,0.010929122105640506,13814.413204938635
0.10699987411499023,0.10699987411499023,0.0,1.0,5.0,3.0,25.0,0.0024500622441072798,4078.066540770279
0.13000011444091797,0.13000011444091797,0.0,3.0,6.0,4.0,17.0,0.002523084223723021,7886.349138840601
0.09999990463256836,0.09999990463256836,0.0,1.0,8.0,3.0,25.0,0.0019240678262472972,4639.933486387514
0.11599993705749512,0.11599993705749512,0.0,1.0,1.0,3.0,22.0,0.003553070362376743,3355.891519355745
0.11599993705749512,0.11599993705749512,0.0,2.0,5.0,3.0,30.0,0.002203055605290071,8465.137878951713
