Total Time(s),Time_c1(s),Time_c2(s),Time_c3(s),Time_c4(s),Time_o1(s),Time_o2(s),var1,var2,var3,var4,var5,var6,var7,c1,c2,c3,c4,penalty,feasible,o1,o2
585.9019999504089,0.014999866485595703,0.015000104904174805,0.0,0.016000032424926758,0.09400010108947754,585.5280001163483,5,1657,135,3,7,1,1,0.25,-8.71,0.5,-2.66,0,TRUE,14320.65323670239,-0.0
611.4639999866486,0.0,0.0,0.0,0.0,0.0,611.4639999866486,4,1132,199,6,10,3,0,0.5900000000000001,-3.66,0.5,-6.969999999999999,0,TRUE,15349.550977073675,-28.999999999999996
575.0729999542236,0.0,0.0,0.0,0.0,0.0,575.0729999542236,5,1659,137,3,7,1,1,0.27,-8.73,0.5,-2.620000000000001,0,TRUE,14320.65323670239,-0.0
590.7200000286102,0.0,0.0,0.0,0.0,0.0,590.7200000286102,5,1657,134,3,9,1,0,0.040000000000000036,-7.110000000000001,0.7,-2.469999999999999,0,TRUE,15289.321646960221,-0.0
663.1789999008179,0.0,0.0,0.0,0.0,0.0,663.1789999008179,7,1659,135,3,7,1,3,0.25,-4.73,0.5,-2.6400000000000006,0,TRUE,16972.65453138335,-0.0
618.8199999332428,0.0,0.0,0.0,0.0,0.0,618.8199999332428,5,1655,133,3,7,1,3,0.22999999999999998,-8.690000000000001,0.5,-2.6999999999999993,0,TRUE,15102.753236702392,-0.0
580.8270001411438,0.0,0.0,0.0,0.0,0.0,580.8270001411438,5,1660,138,3,9,1,3,0.08000000000000007,-7.140000000000002,0.7,-2.3999999999999986,0,TRUE,15550.021646960222,-0.0
606.345999956131,0.0,0.0,0.0,0.0,0.0,606.345999956131,5,1653,137,3,9,1,2,0.07000000000000006,-7.070000000000002,0.7,-2.4800000000000004,0,TRUE,14246.521646960222,-0.0
578.7539999485016,0.0,0.0,0.0,0.0,0.0,578.7539999485016,5,1661,139,3,7,1,1,0.29000000000000004,-8.75,0.5,-2.580000000000002,0,TRUE,14320.65323670239,-0.0
569.2720000743866,0.0,0.0,0.0,0.0,0.0,569.2720000743866,5,1653,133,3,7,1,3,0.22999999999999998,-8.670000000000002,0.5,-2.719999999999999,0,TRUE,15102.753236702392,-0.0
642.1100001335144,0.0,0.0,0.0,0.0,0.0,642.1100001335144,5,1659,141,5,9,1,0,0.10999999999999988,-7.130000000000001,0.5,-2.379999999999999,0,TRUE,15917.176796995234,-0.0
598.8289999961853,0.0,0.0,0.0,0.0,0.0,598.8289999961853,5,1659,131,3,9,1,1,0.010000000000000009,-7.130000000000001,0.7,-2.4800000000000004,0,TRUE,14767.921646960222,-0.0
673.1050000190735,0.0,0.0,0.0,0.0,0.0,673.1050000190735,8,1659,133,1,7,1,1,0.22999999999999998,-2.7300000000000004,0.7,-2.66,0,TRUE,15945.362402902258,-0.0
584.4880001544952,0.0,0.0,0.0,0.0,0.0,584.4880001544952,5,1663,135,3,7,1,1,0.25,-8.77,0.5,-2.6000000000000014,0,TRUE,14320.65323670239,-0.0
624.7509999275208,0.0,0.0,0.0,0.0,0.0,624.7509999275208,5,1651,137,3,9,1,1,0.07000000000000006,-7.0500000000000025,0.7,-2.5,0,TRUE,14767.921646960222,-0.0
520.7810001373291,0.0,0.0,0.0,0.0,0.0,520.7810001373291,5,1657,131,1,5,1,2,0.4099999999999999,-10.31,0.5,-2.8999999999999986,0,TRUE,12637.441652705245,-0.0
591.4059998989105,0.0,0.0,0.0,0.0,0.0,591.3910000324249,5,1663,139,3,7,1,1,0.29000000000000004,-8.77,0.5,-2.5599999999999987,0,TRUE,14320.65323670239,-0.0
598.5360000133514,0.0,0.0,0.0,0.0,0.0,598.5360000133514,5,1651,139,3,9,1,1,0.09000000000000008,-7.0500000000000025,0.7,-2.479999999999997,0,TRUE,14767.921646960222,-0.0
728.5800001621246,0.0,0.0,0.0,0.0,0.0,728.5800001621246,8,1661,131,3,7,1,1,0.20999999999999996,-2.75,0.5,-2.66,0,TRUE,17125.505178723826,-0.0
583.8209998607635,0.0,0.0,0.0,0.0,0.0,583.8209998607635,5,1659,143,3,7,1,1,0.32999999999999985,-8.73,0.5,-2.5599999999999987,0,TRUE,14320.65323670239,-0.0
450.125,0.0,0.0,0.0,0.0,0.0,450.125,5,1655,135,1,1,1,3,0.85,-13.490000000000002,0.09999999999999998,-3.280000000000001,0,TRUE,13111.623650523237,-0.0
575.0920000076294,0.0,0.0,0.0,0.0,0.0,575.0920000076294,5,1657,129,1,7,1,1,0.18999999999999995,-8.71,0.7,-2.719999999999999,0,TRUE,13583.064001813911,-0.0
578.3760001659393,0.0,0.0,0.0,0.0,0.0,578.3760001659393,5,1660,143,3,7,1,3,0.32999999999999985,-8.740000000000002,0.5,-2.549999999999997,0,TRUE,15102.753236702392,-0.0
596.0160000324249,0.0,0.0,0.0,0.0,0.0,596.0160000324249,5,1653,143,4,7,1,2,0.32999999999999985,-8.670000000000002,0.3999999999999999,-2.6199999999999974,0,TRUE,14115.511856149413,-0.0
644.0920000076294,0.0,0.0,0.0,0.0,0.0,644.0920000076294,5,1665,135,5,9,1,1,0.050000000000000044,-7.1899999999999995,0.5,-2.3800000000000026,0,TRUE,15395.776796995235,-0.0
547.2430000305176,0.0,0.0,0.0,0.0,0.0,547.2430000305176,5,1663,131,3,5,1,0,0.4099999999999999,-10.37,0.30000000000000004,-2.84,0,TRUE,14397.04865654367,-0.0
791.800999879837,0.0,0.0,0.0,0.0,0.0,791.800999879837,8,1665,136,5,7,1,1,0.26,-2.789999999999999,0.30000000000000004,-2.5700000000000003,0,TRUE,18086.590596890506,-18.0
544.7079999446869,0.0,0.0,0.0,0.0,0.0,544.691999912262,5,1665,137,3,5,1,3,0.47,-10.389999999999999,0.30000000000000004,-2.7600000000000016,0,TRUE,14657.74865654367,-0.0
462.614000082016,0.0,0.0,0.0,0.0,0.0,462.614000082016,2,1661,129,7,7,1,1,0.18999999999999995,-14.75,0.09999999999999987,-2.6799999999999997,0,TRUE,11934.19215022411,-0.0
598.1930000782013,0.0,0.0,0.0,0.0,0.0,598.1930000782013,5,1655,144,3,9,1,3,0.1399999999999999,-7.090000000000002,0.7,-2.3900000000000006,0,TRUE,15550.021646960222,-0.0
599.8129999637604,0.0,0.0,0.0,0.0,0.0,599.8129999637604,5,1649,139,3,9,1,1,0.09000000000000008,-7.030000000000003,0.7,-2.5,0,TRUE,14767.921646960222,-0.0
723.1289999485016,0.0,0.0,0.0,0.0,0.0,723.1289999485016,7,1657,127,5,7,1,1,0.16999999999999993,-4.710000000000001,0.30000000000000004,-2.7399999999999984,0,TRUE,17031.50427227919,-1.0
478.25999999046326,0.0,0.0,0.0,0.0,0.0,478.25999999046326,5,1661,131,0,3,1,3,0.6099999999999999,-11.95,0.4000000000000001,-3.0599999999999987,0,TRUE,13097.618070734563,-0.0
560.9909999370575,0.0,0.0,0.0,0.0,0.0,560.9909999370575,4,1655,127,5,7,1,0,0.16999999999999993,-10.690000000000001,0.30000000000000004,-2.759999999999998,0,TRUE,14387.645298445252,-0.0
586.6039998531342,0.0,0.0,0.0,0.0,0.0,586.6039998531342,5,1659,127,3,7,1,1,0.16999999999999993,-8.73,0.5,-2.719999999999999,0,TRUE,14320.65323670239,-0.0
500.90700006484985,0.0,0.0,0.0,0.0,0.0,500.90700006484985,3,1663,129,5,7,1,0,0.18999999999999995,-12.77,0.30000000000000004,-2.66,0,TRUE,13332.558973833939,-0.0
482.2389998435974,0.0,0.0,0.0,0.0,0.0,482.2389998435974,3,1659,127,5,5,1,1,0.3699999999999999,-13.530000000000001,0.10000000000000009,-2.919999999999998,0,TRUE,12508.631138761604,-0.0
592.0280001163483,0.0,0.0,0.0,0.0,0.0,592.0120000839233,5,1649,141,4,7,1,3,0.30999999999999983,-8.630000000000003,0.3999999999999999,-2.679999999999996,0,TRUE,15419.011856149413,-0.0
678.3719999790192,0.0,0.0,0.0,0.0,0.0,678.3719999790192,7,1655,127,3,7,1,3,0.16999999999999993,-4.690000000000001,0.5,-2.759999999999998,0,TRUE,16972.65453138335,-0.0
465.13100004196167,0.0,0.0,0.0,0.0,0.0,465.13100004196167,2,1655,127,7,7,1,1,0.16999999999999993,-14.690000000000001,0.09999999999999987,-2.759999999999998,0,TRUE,11934.19215022411,-0.0
553.2030000686646,0.0,0.0,0.0,0.0,0.0,553.2030000686646,5,1651,143,1,7,1,1,0.32999999999999985,-8.650000000000002,0.7,-2.639999999999997,0,TRUE,13583.064001813911,-0.0
399.78600001335144,0.0,0.0,0.0,0.0,0.0,399.78600001335144,5,1653,133,0,0,1,3,0.9299999999999999,-14.270000000000001,0.09999999999999998,-3.419999999999998,0,TRUE,12507.559707295653,-0.0
600.0419998168945,0.0,0.0,0.0,0.0,0.0,600.0419998168945,5,1653,127,3,7,1,3,0.16999999999999993,-8.670000000000002,0.5,-2.7799999999999976,0,TRUE,15102.753236702392,-0.0
680.8110001087189,0.0,0.0,0.0,0.0,0.016000032424926758,680.795000076294,7,1667,137,3,7,1,1,0.27,-4.810000000000002,0.5,-2.539999999999999,0,TRUE,16190.554531383346,-0.0
562.1419999599457,0.0,0.0,0.0,0.0,0.0,562.1419999599457,5,1661,145,1,7,1,1,0.34999999999999987,-8.75,0.7,-2.5199999999999996,0,TRUE,13583.064001813911,-0.0
578.5130000114441,0.0,0.0,0.0,0.0,0.0,578.5130000114441,5,1659,145,1,9,1,4,0.1499999999999999,-7.130000000000001,0.8999999999999999,-2.34,0,TRUE,12973.672515128208,-0.0
592.3369998931885,0.0,0.0,0.0,0.0,0.0,592.3209998607635,5,1647,139,3,9,1,1,0.09000000000000008,-7.01,0.7,-2.520000000000003,0,TRUE,14767.921646960222,-0.0
568.7850000858307,0.0,0.0,0.0,0.0,0.0,568.7850000858307,5,1663,127,5,5,1,1,0.3699999999999999,-10.37,0.10000000000000009,-2.879999999999999,0,TRUE,14417.118564602675,-0.0
604.9990000724792,0.0,0.0,0.0,0.0,0.0,604.9990000724792,5,1651,127,3,7,1,3,0.16999999999999993,-8.650000000000002,0.5,-2.799999999999997,0,TRUE,15102.753236702392,-0.0
646.3170001506805,0.0,0.0,0.0,0.0,0.0,646.3170001506805,5,1647,141,5,9,1,1,0.10999999999999988,-7.01,0.5,-2.5,0,TRUE,15395.776796995235,-0.0
425.2590000629425,0.0,0.0,0.0,0.0,0.0,425.2590000629425,5,1653,129,0,1,1,3,0.7899999999999999,-13.470000000000002,0.2,-3.3599999999999994,0,TRUE,12702.521673490888,-0.0
598.329999923706,0.0,0.0,0.0,0.0,0.0,598.329999923706,5,1647,131,3,9,1,1,0.010000000000000009,-7.01,0.7,-2.6000000000000014,0,TRUE,14767.921646960222,-0.0
511.4170000553131,0.0,0.0,0.0,0.0,0.0,511.4170000553131,5,1663,145,3,3,1,1,0.7499999999999998,-11.969999999999999,0.10000000000000009,-2.8999999999999986,0,TRUE,13416.665119415107,-0.0
647.3309998512268,0.0,0.0,0.0,0.0,0.0,647.3309998512268,7,1651,127,1,7,1,3,0.16999999999999993,-4.650000000000002,0.7,-2.799999999999997,0,TRUE,15940.029602539475,-0.0
683.6080000400543,0.0,0.0,0.0,0.0,0.0,683.6080000400543,7,1661,125,3,7,1,1,0.1499999999999999,-4.75,0.5,-2.719999999999999,0,TRUE,16190.554531383346,-0.0
557.454999923706,0.0,0.0,0.0,0.0,0.0,557.454999923706,4,1668,131,4,7,1,1,0.20999999999999996,-10.82,0.3999999999999999,-2.59,0,TRUE,13638.70948491953,-0.0
735.3840000629425,0.0,0.0,0.0,0.0,0.0,735.3680000305176,8,1661,125,3,7,1,1,0.1499999999999999,-2.75,0.5,-2.719999999999999,0,TRUE,17125.505178723826,-0.0
731.4500000476837,0.0,0.0,0.0,0.0,0.0,731.4500000476837,7,1667,129,5,7,1,1,0.18999999999999995,-4.810000000000002,0.30000000000000004,-2.6199999999999974,0,TRUE,17031.50427227919,-6.0
628.1310000419617,0.0,0.0,0.0,0.0,0.0,628.1310000419617,7,1665,145,3,5,1,1,0.5499999999999998,-7.189999999999998,0.30000000000000004,-2.6799999999999997,0,TRUE,15567.548119161138,-0.0
672.0340001583099,0.0,0.0,0.0,0.0,0.0,672.0340001583099,7,1669,133,3,7,1,1,0.22999999999999998,-4.830000000000002,0.5,-2.5599999999999987,0,TRUE,16190.554531383346,-0.0
434.0310001373291,0.0,0.0,0.0,0.0,0.0,434.0310001373291,5,1653,127,0,1,1,3,0.7699999999999999,-13.470000000000002,0.2,-3.379999999999999,0,TRUE,12702.521673490888,-0.0
679.9769999980927,0.0,0.0,0.0,0.0,0.0,679.9769999980927,7,1663,125,3,7,1,3,0.1499999999999999,-4.77,0.5,-2.6999999999999993,0,TRUE,16972.65453138335,-0.0
732.5550000667572,0.0,0.0,0.0,0.0,0.0,732.5550000667572,7,1669,141,5,7,1,1,0.30999999999999983,-4.830000000000002,0.30000000000000004,-2.479999999999997,0,TRUE,17031.50427227919,-10.0
606.875,0.0,0.0,0.0,0.0,0.0,606.875,5,1668,129,4,7,1,3,0.18999999999999995,-8.82,0.3999999999999999,-2.6099999999999994,0,TRUE,15419.011856149413,-0.0
577.3919999599457,0.0,0.0,0.0,0.0,0.0,577.3919999599457,5,1659,123,3,7,1,1,0.1299999999999999,-8.73,0.5,-2.7600000000000016,0,TRUE,14320.65323670239,-0.0
622.3829998970032,0.0,0.0,0.0,0.0,0.0,622.3829998970032,5,1669,141,3,9,1,3,0.10999999999999988,-7.230000000000002,0.7,-2.2799999999999976,0,TRUE,15550.021646960222,-0.0
454.0380001068115,0.0,0.0,0.0,0.0,0.0,454.0380001068115,2,1657,123,7,7,1,1,0.1299999999999999,-14.71,0.09999999999999987,-2.7799999999999976,0,TRUE,11934.19215022411,-0.0
563.3029999732971,0.0,0.0,0.0,0.0,0.0,563.3029999732971,5,1647,127,4,5,1,3,0.3699999999999999,-10.209999999999999,0.19999999999999996,-3.039999999999999,0,TRUE,14953.796044411512,-0.0
554.2710001468658,0.0,0.0,0.0,0.0,0.0,554.2710001468658,5,1661,149,3,5,1,1,0.5899999999999999,-10.35,0.30000000000000004,-2.6799999999999997,0,TRUE,13875.64865654367,-0.0
688.8799998760223,0.0,0.0,0.0,0.0,0.0,688.8799998760223,7,1665,125,3,7,1,3,0.1499999999999999,-4.789999999999999,0.5,-2.6799999999999997,0,TRUE,16972.65453138335,-0.0
494.0620000362396,0.0,0.0,0.0,0.0,0.0,494.0620000362396,3,1671,135,3,7,1,3,0.25,-12.850000000000001,0.5,-2.5199999999999996,0,TRUE,13232.851942021434,-0.0
577.0539999008179,0.0,0.0,0.0,0.0,0.0,577.0539999008179,5,1643,139,3,7,1,3,0.29000000000000004,-8.57,0.5,-2.7600000000000016,0,TRUE,15102.753236702392,-0.0
638.8789999485016,0.0,0.0,0.0,0.0,0.0,638.8789999485016,7,1663,123,3,5,1,1,0.32999999999999985,-7.169999999999998,0.30000000000000004,-2.9200000000000017,0,TRUE,15567.548119161138,-0.0
564.949000120163,0.0,0.0,0.0,0.0,0.0,564.9340000152588,5,1663,149,1,7,1,1,0.3899999999999999,-8.77,0.7,-2.460000000000001,0,TRUE,13583.064001813911,-0.0
602.8489999771118,0.0,0.0,0.0,0.0,0.0,602.8489999771118,5,1643,141,3,7,1,1,0.30999999999999983,-8.57,0.5,-2.7399999999999984,0,TRUE,14320.65323670239,-0.0
711.1399998664856,0.0,0.0,0.0,0.0,0.0,711.1239998340607,7,1671,141,4,7,1,1,0.30999999999999983,-4.850000000000001,0.3999999999999999,-2.4599999999999973,0,TRUE,16633.316598609177,-0.0
602.0480000972748,0.0,0.0,0.0,0.0,0.0,602.0480000972748,5,1667,147,3,9,1,3,0.16999999999999993,-7.210000000000003,0.7,-2.2399999999999984,0,TRUE,15550.021646960222,-0.0
670.8889999389648,0.0,0.0,0.0,0.0,0.0,670.8889999389648,7,1649,123,3,7,1,1,0.1299999999999999,-4.630000000000003,0.5,-2.859999999999996,0,TRUE,16190.554531383346,-0.0
670.2910001277924,0.0,0.0,0.0,0.0,0.0,670.2910001277924,7,1649,123,3,7,1,2,0.1299999999999999,-4.630000000000003,0.5,-2.859999999999996,0,TRUE,15669.154531383349,-0.0
589.3880000114441,0.0,0.0,0.0,0.0,0.0,589.3880000114441,7,1671,141,1,5,1,1,0.5099999999999998,-7.25,0.5,-2.6599999999999966,0,TRUE,14564.018313787343,-0.0
615.1100001335144,0.0,0.0,0.0,0.0,0.0,615.1100001335144,5,1657,151,3,11,1,3,0.009999999999999787,-5.51,0.9000000000000001,-2.1000000000000014,0,TRUE,16002.780248905407,-0.0
606.9689998626709,0.0,0.0,0.0,0.0,0.0,606.9689998626709,5,1659,151,3,11,1,3,0.009999999999999787,-5.529999999999999,0.9000000000000001,-2.080000000000002,0,TRUE,16002.780248905407,-0.0
530.8949999809265,0.0,0.0,0.0,0.0,0.0,530.8949999809265,4,1671,129,3,7,1,3,0.18999999999999995,-10.850000000000001,0.5,-2.5799999999999983,0,TRUE,14167.802589361912,-0.0
699.0550000667572,0.0,0.0,0.0,0.0,0.0,699.0550000667572,7,1643,129,3,7,1,3,0.18999999999999995,-4.57,0.5,-2.8599999999999994,0,TRUE,16972.65453138335,-0.0
577.2599999904633,0.0,0.0,0.0,0.0,0.0,577.2599999904633,5,1651,151,3,7,1,1,0.4099999999999999,-8.650000000000002,0.5,-2.5599999999999987,0,TRUE,14320.65323670239,-0.0
585.2439999580383,0.0,0.0,0.0,0.0,0.0,585.2279999256134,5,1651,121,3,7,1,3,0.10999999999999988,-8.650000000000002,0.5,-2.8599999999999994,0,TRUE,15102.753236702392,-0.0
693.7560000419617,0.0,0.0,0.0,0.0,0.0,693.7560000419617,8,1653,121,1,7,1,3,0.10999999999999988,-2.6700000000000017,0.7,-2.84,0,TRUE,16727.46240290226,-0.0
450.77499985694885,0.0,0.0,0.0,0.0,0.0,450.77499985694885,2,1651,121,5,7,1,0,0.10999999999999988,-14.650000000000002,0.30000000000000004,-2.8599999999999994,0,TRUE,12277.472649222625,-0.0
645.2939999103546,0.0,0.0,0.0,0.0,0.0,645.2939999103546,5,1667,149,5,9,1,1,0.18999999999999995,-7.210000000000003,0.5,-2.219999999999999,0,TRUE,15395.776796995235,-0.0
631.0880000591278,0.0,0.0,0.0,0.0,0.0,631.0880000591278,7,1669,125,3,5,1,1,0.34999999999999987,-7.23,0.30000000000000004,-2.8399999999999963,0,TRUE,15567.548119161138,-0.0
594.914999961853,0.0,0.0,0.0,0.0,0.0,594.8989999294281,5,1667,149,3,9,1,2,0.18999999999999995,-7.210000000000003,0.7,-2.219999999999999,0,TRUE,14246.521646960222,-0.0
453.2520000934601,0.0,0.0,0.0,0.0,0.0,453.2520000934601,5,1655,151,1,1,1,1,1.0099999999999998,-13.490000000000002,0.09999999999999998,-3.120000000000001,0,TRUE,12329.523650523237,-0.0
513.5620000362396,0.0,0.0,0.0,0.0,0.0,513.5620000362396,3,1673,141,5,7,1,1,0.30999999999999983,-12.870000000000001,0.30000000000000004,-2.4399999999999977,0,TRUE,12811.158973833939,-0.0
524.9859998226166,0.0,0.0,0.0,0.0,0.0,524.9859998226166,5,1667,149,1,5,1,1,0.5899999999999999,-10.410000000000002,0.5,-2.6199999999999974,0,TRUE,13158.841652705243,-0.0
574.6480000019073,0.0,0.0,0.0,0.0,0.0,574.6480000019073,5,1657,153,3,7,1,3,0.42999999999999994,-8.71,0.5,-2.4800000000000004,0,TRUE,15102.753236702392,-0.0
607.5809998512268,0.0,0.0,0.0,0.0,0.0,607.5809998512268,5,1665,151,3,9,1,3,0.20999999999999996,-7.1899999999999995,0.7,-2.2200000000000024,0,TRUE,15550.021646960222,-0.0
728.0140001773834,0.0,0.0,0.0,0.0,0.0,728.0140001773834,8,1665,121,3,7,1,1,0.10999999999999988,-2.789999999999999,0.5,-2.7200000000000024,0,TRUE,17125.505178723826,-0.0
544.7469999790192,0.0,0.0,0.0,0.0,0.0,544.7469999790192,5,1655,153,3,5,1,3,0.6299999999999999,-10.290000000000001,0.30000000000000004,-2.6999999999999993,0,TRUE,14657.74865654367,-0.0
552.4889998435974,0.0,0.0,0.0,0.0,0.0,552.4889998435974,5,1673,143,3,5,1,2,0.5299999999999998,-10.47,0.30000000000000004,-2.6199999999999974,0,TRUE,13354.24865654367,-0.0
670.7060000896454,0.0,0.0,0.0,0.0,0.0,670.7060000896454,7,1669,149,3,7,1,3,0.3899999999999999,-4.830000000000002,0.5,-2.3999999999999986,0,TRUE,16972.65453138335,-0.0
507.90499997138977,0.0,0.0,0.0,0.0,0.0,507.90499997138977,5,1655,131,3,3,1,3,0.6099999999999999,-11.89,0.10000000000000009,-3.1199999999999974,0,TRUE,14198.765119415108,-0.0
395.8770000934601,0.0,0.0,0.0,0.0,0.0,395.8770000934601,3,1510,65,1,1,0,4,0.15000000000000002,-13.64,0.09999999999999998,-5.43,0,TRUE,10264.895825199852,-0.0
479.81700015068054,0.0,0.0,0.0,0.0,0.0,479.81700015068054,3,1675,129,3,7,1,3,0.18999999999999995,-12.89,0.5,-2.539999999999999,0,TRUE,13232.851942021434,-0.0
525.191999912262,0.0,0.0,0.0,0.0,0.0,525.191999912262,3,1136,205,5,9,3,1,0.7499999999999998,-6.7,0.5,-6.970000000000001,0,TRUE,13214.106102878166,-21.0
481.62000012397766,0.0,0.0,0.0,0.0,0.0,481.62000012397766,3,1135,203,5,5,1,1,1.1300000000000001,-8.29,0.10000000000000009,-7.399999999999999,0,TRUE,12508.631138761604,-0.0
594.0039999485016,0.0,0.0,0.0,0.0,0.0,594.0039999485016,5,1129,205,3,9,0,3,0.7499999999999998,-1.8300000000000018,0.7,-7.039999999999999,0,TRUE,15661.093720414181,-0.0
475.80200004577637,0.0,0.0,0.0,0.0,0.0,475.80200004577637,3,1129,201,1,15,1,3,0.1100000000000001,-4.230000000000001,1.5,-6.479999999999997,0,TRUE,13861.096787767794,-0.0
475.9370000362396,0.0,0.0,0.0,0.0,0.0,475.9370000362396,3,1129,203,1,15,1,3,0.13000000000000012,-4.230000000000001,1.5,-6.459999999999997,0,TRUE,13861.096787767794,-0.0
591.9769999980927,0.0,0.0,0.0,0.0,0.0,591.9609999656677,5,1125,205,3,11,3,1,0.5499999999999996,-0.1899999999999995,0.9000000000000001,-6.879999999999999,0,TRUE,15387.288359086346,-17.0
555.3519999980927,0.0,0.0,0.0,0.0,0.0,555.3519999980927,5,1125,195,1,9,1,3,0.6500000000000001,-1.790000000000001,0.8999999999999999,-7.18,0,TRUE,14798.572515128206,-0.0
451.5569999217987,0.0,0.0,0.0,0.0,0.0,451.5569999217987,2,1676,121,7,7,1,3,0.10999999999999988,-14.900000000000002,0.09999999999999987,-2.6099999999999994,0,TRUE,12716.292150224108,-0.0
479.50300002098083,0.0,0.0,0.0,0.0,0.0,479.50300002098083,3,1681,125,3,7,1,3,0.1499999999999999,-12.95,0.5,-2.5199999999999996,0,TRUE,13232.851942021434,-0.0
473.83000016212463,0.0,0.0,0.0,0.0,0.0,473.83000016212463,3,1141,201,1,15,1,3,0.1100000000000001,-4.3500000000000005,1.5,-6.359999999999999,0,TRUE,13861.096787767794,-0.0
498.5199999809265,0.0,0.0,0.0,0.0,0.0,498.50400018692017,3,1121,197,3,13,1,3,0.27,-4.950000000000001,1.1,-6.799999999999999,0,TRUE,14048.343057083493,-0.0
431.14400005340576,0.0,0.0,0.0,0.0,0.0,431.14400005340576,2,1140,205,0,13,1,3,0.34999999999999964,-8.34,1.4000000000000001,-6.529999999999999,0,TRUE,12351.836165615823,-0.0
420.98799991607666,0.0,0.0,0.0,0.0,0.0,420.98799991607666,2,1123,203,1,15,0,3,0.13000000000000012,-7.770000000000001,1.5,-6.519999999999998,0,TRUE,12751.145615102469,-0.0
471.797000169754,0.0,0.0,0.0,0.0,0.0,471.797000169754,3,1143,195,1,13,1,3,0.25,-5.17,1.3,-6.6,0,TRUE,13586.043223283488,-0.0
624.7900002002716,0.0,0.0,0.0,0.0,0.0,624.7900002002716,7,1143,205,3,5,3,0,1.1499999999999997,-1.9699999999999989,0.30000000000000004,-7.299999999999999,0,TRUE,16322.19947341445,-16.0
526.1490001678467,0.0,0.0,0.0,0.0,0.0,526.1490001678467,3,1119,205,5,11,1,3,0.5499999999999996,-5.7299999999999995,0.7000000000000002,-6.9399999999999995,0,TRUE,14160.114761041337,-0.0
610.702999830246,0.0,0.0,0.0,0.0,0.0,610.702999830246,5,1119,205,3,9,0,3,0.7499999999999998,-1.7300000000000004,0.7,-7.140000000000001,0,TRUE,15661.093720414181,-0.0
560.5910000801086,0.0,0.0,0.0,0.0,0.0,560.5910000801086,5,1117,199,1,9,1,3,0.6900000000000002,-1.7100000000000009,0.8999999999999999,-7.220000000000001,0,TRUE,14798.572515128206,-0.0
531.9470000267029,0.0,0.0,0.0,0.0,0.0,531.9470000267029,3,1117,203,1,13,1,1,0.33000000000000007,-4.91,1.3,-6.779999999999999,0,TRUE,12803.943223283488,-0.0
426.14299988746643,0.0,0.0,0.0,0.0,0.0,426.14299988746643,2,1118,203,1,15,0,3,0.13000000000000012,-7.720000000000001,1.5,-6.5699999999999985,0,TRUE,12751.145615102469,-0.0
653.1319999694824,0.0,0.0,0.0,0.0,0.0,653.1319999694824,5,1115,197,5,9,3,1,0.6700000000000002,-1.6900000000000013,0.5,-7.26,0,TRUE,15592.910171463613,-25.0
648.3590002059937,0.0,0.0,0.0,0.0,0.0,648.3590002059937,5,1133,181,5,9,3,1,0.51,-1.870000000000001,0.5,-7.24,0,TRUE,15592.910171463613,-25.0
445.01199984550476,0.0,0.0,0.0,0.0,0.0,445.01199984550476,2,1115,205,3,11,0,3,0.5499999999999996,-8.49,0.9000000000000001,-6.979999999999999,0,TRUE,12702.340928943746,-0.0
591.1150000095367,0.0,0.0,0.0,0.0,0.0,591.0999999046326,5,1114,205,3,9,0,3,0.7499999999999998,-1.6800000000000015,0.7,-7.1899999999999995,0,TRUE,15661.093720414181,-0.0
545.8440001010895,0.0,0.0,0.0,0.0,0.0,545.8440001010895,3,1151,203,5,8,1,3,0.8300000000000001,-7.25,0.40000000000000013,-6.9399999999999995,0,TRUE,13736.323887480228,-0.0
601.5140001773834,0.0,0.0,0.0,0.0,0.0,601.5140001773834,5,1151,205,3,11,3,1,0.5499999999999996,-0.4499999999999993,0.9000000000000001,-6.619999999999999,0,TRUE,15387.288359086346,-17.0
471.2809998989105,0.0,0.0,0.0,0.0,0.0,471.2809998989105,3,1151,201,1,13,1,3,0.31000000000000005,-5.25,1.3,-6.459999999999999,0,TRUE,13586.043223283488,-0.0
645.3819999694824,0.0,0.0,0.0,0.0,0.0,645.3819999694824,5,1115,187,5,9,3,1,0.5700000000000001,-1.6900000000000013,0.5,-7.359999999999999,0,TRUE,15592.910171463613,-27.0
641.0249998569489,0.0,0.0,0.0,0.0,0.0,641.0249998569489,5,1115,187,5,9,0,1,0.5700000000000001,-1.6900000000000013,0.5,-7.359999999999999,0,TRUE,15527.19904664082,-0.0
593.6840000152588,0.0,0.0,0.0,0.0,0.0,593.6840000152588,5,1153,205,3,9,0,3,0.7499999999999998,-2.0700000000000003,0.7,-6.800000000000001,0,TRUE,15661.093720414181,-0.0
527.0539999008179,0.0,0.0,0.0,0.0,0.0,527.0539999008179,3,1128,177,5,9,1,2,0.47,-6.62,0.5,-7.330000000000002,0,TRUE,12574.42607819714,-0.0
476.720999956131,0.0,0.0,0.0,0.0,0.0,476.720999956131,3,1153,193,1,15,1,3,0.030000000000000027,-4.47,1.5,-6.32,0,TRUE,13861.096787767794,-0.0
642.8159999847412,0.0,0.0,0.0,0.0,0.0,642.8159999847412,5,1109,205,5,9,3,1,0.7499999999999998,-1.6300000000000008,0.5,-7.24,0,TRUE,15592.910171463613,-26.0
424.2449998855591,0.0,0.0,0.0,0.0,0.0,424.2449998855591,2,1154,205,1,15,1,3,0.1499999999999997,-8.080000000000002,1.5,-6.189999999999998,0,TRUE,12716.731191845196,-0.0
484.6190001964569,0.0,0.0,0.0,0.0,0.0,484.6190001964569,3,1693,119,5,5,1,3,0.2899999999999998,-13.870000000000001,0.10000000000000009,-2.66,0,TRUE,13290.731138761605,-0.0
485.4170000553131,0.0,0.0,0.0,0.0,0.0,485.4170000553131,3,1107,205,1,15,1,3,0.1499999999999997,-4.010000000000001,1.5,-6.659999999999998,0,TRUE,13861.096787767794,-0.0
652.9879999160767,0.0,0.0,0.0,0.0,0.0,652.9879999160767,5,1155,185,5,9,3,1,0.55,-2.0900000000000016,0.5,-6.98,0,TRUE,15592.910171463613,-26.0
469.3589999675751,0.0,0.0,0.0,0.0,0.0,469.3589999675751,2,1159,205,5,11,1,3,0.5499999999999996,-8.93,0.7000000000000002,-6.539999999999999,0,TRUE,12916.076507360893,-0.0
513.6789999008179,0.0,0.0,0.0,0.0,0.0,513.6789999008179,3,1701,141,5,7,1,3,0.30999999999999983,-13.150000000000002,0.30000000000000004,-2.1599999999999966,0,TRUE,13593.25897383394,-0.0
470.35599994659424,0.0,0.0,0.0,0.0,0.0,470.35599994659424,3,1107,187,1,13,1,3,0.16999999999999993,-4.8100000000000005,1.3,-7.039999999999999,0,TRUE,13586.043223283488,-0.0
469.13100004196167,0.0,0.0,0.0,0.0,0.0,469.13100004196167,3,1159,191,3,5,1,1,1.01,-8.530000000000001,0.30000000000000004,-7.279999999999999,0,TRUE,12183.749193926202,-0.0
518.6730000972748,0.0,0.0,0.0,0.0,0.0,518.6570000648499,3,1115,175,5,9,1,3,0.44999999999999996,-6.490000000000001,0.5,-7.48,0,TRUE,13877.92607819714,-0.0
479.2819998264313,0.0,0.0,0.0,0.0,0.0,479.2819998264313,3,1161,193,1,15,1,3,0.030000000000000027,-4.55,1.5,-6.239999999999998,0,TRUE,13861.096787767794,-0.0
620.9070000648499,0.0,0.0,0.0,0.0,0.0,620.9070000648499,5,1163,197,4,9,3,1,0.6700000000000002,-2.1700000000000017,0.5999999999999999,-6.779999999999999,0,TRUE,15277.71629528979,-19.0
478.8699998855591,0.0,0.0,0.0,0.0,0.0,478.8699998855591,3,1162,205,1,13,1,1,0.34999999999999964,-5.360000000000001,1.3,-6.309999999999999,0,TRUE,12803.943223283488,-0.0
483.82400012016296,0.0,0.0,0.0,0.0,0.0,483.82400012016296,3,1163,199,1,11,1,3,0.49,-6.170000000000001,1.1,-6.559999999999999,0,TRUE,13315.69223156348,-0.0
487.3139998912811,0.0,0.0,0.0,0.0,0.0,487.3139998912811,3,1101,203,1,13,1,1,0.33000000000000007,-4.75,1.3,-6.9399999999999995,0,TRUE,12803.943223283488,-0.0
460.3489999771118,0.0,0.0,0.0,0.0,0.0,460.3329999446869,3,1163,205,0,13,1,3,0.34999999999999964,-5.370000000000001,1.4000000000000001,-6.299999999999999,0,TRUE,13313.754248423735,-0.0
466.49399995803833,0.0,0.0,0.0,0.0,0.0,466.4779999256134,3,1101,205,1,15,1,3,0.1499999999999997,-3.95,1.5,-6.719999999999999,0,TRUE,13861.096787767794,-0.0
478.1879999637604,0.0,0.0,0.0,0.0,0.0,478.1879999637604,3,1165,197,5,5,1,0,1.07,-8.59,0.10000000000000009,-7.159999999999998,0,TRUE,13030.031138761604,-0.0
614.2330000400543,0.0,0.0,0.0,0.0,0.0,614.2330000400543,5,1165,193,5,7,3,1,0.8300000000000001,-3.790000000000001,0.30000000000000004,-7.0,0,TRUE,15118.464997524941,-21.0
549.8810000419617,0.0,0.0,0.0,0.0,0.0,549.8810000419617,5,1703,117,1,7,1,1,0.06999999999999984,-9.170000000000002,0.7,-2.379999999999999,0,TRUE,13583.064001813911,-0.0
471.94400000572205,0.0,0.0,0.0,0.0,0.0,471.94400000572205,3,1167,199,5,5,1,2,1.09,-8.61,0.10000000000000009,-7.119999999999999,0,TRUE,11987.231138761605,-0.0
636.0499999523163,0.0,0.0,0.0,0.0,0.0,636.0499999523163,7,1705,117,1,7,1,0,0.06999999999999984,-5.190000000000001,0.7,-2.3599999999999994,0,TRUE,15679.329602539474,-0.0
450.3069999217987,0.0,0.0,0.0,0.0,0.0,450.3069999217987,2,1095,205,3,15,1,0,0.1499999999999997,-7.490000000000002,1.3,-6.779999999999998,0,TRUE,12767.127676596694,-0.0
431.12799978256226,0.0,0.0,0.0,0.0,0.0,431.12799978256226,3,1169,203,3,3,1,1,1.33,-9.43,0.10000000000000009,-7.26,0,TRUE,11908.359071649065,-0.0
621.2359998226166,0.0,0.0,0.0,0.0,0.0,621.2359998226166,5,1155,183,4,9,3,2,0.53,-2.0900000000000016,0.5999999999999999,-7.0,0,TRUE,14756.316295289791,-19.0
676.595999956131,0.0,0.0,0.0,0.0,0.0,676.595999956131,6,1850,152,3,8,2,0,0.31999999999999984,-7.640000000000001,0.6000000000000001,-0.4599999999999973,0,TRUE,15911.385904885807,-0.0
596.0970001220703,0.0,0.0,0.0,0.0,0.0,596.0970001220703,7,1144,205,1,5,3,3,1.1499999999999997,-1.9799999999999986,0.5,-7.289999999999999,0,TRUE,15526.794035888026,-0.0
549.4589998722076,0.0,0.0,0.0,0.0,0.0,549.4589998722076,5,1163,199,1,7,3,3,0.8900000000000001,-3.7700000000000014,0.7,-6.959999999999999,0,TRUE,14494.218089028684,-0.0
645.0699999332428,0.0,0.0,0.0,0.0,0.0,645.0699999332428,5,1159,187,5,9,3,3,0.5700000000000001,-2.130000000000001,0.5,-6.92,0,TRUE,16375.010171463611,-25.0
551.2699999809265,0.0,0.0,0.0,0.0,0.0,551.2699999809265,7,1139,205,3,3,3,3,1.3499999999999996,-4.33,0.10000000000000009,-7.539999999999999,0,TRUE,15940.322521434464,-3.0
553.875,0.0,0.0,0.0,0.0,0.0,553.875,7,1148,205,3,3,3,2,1.3499999999999996,-4.42,0.10000000000000009,-7.449999999999999,0,TRUE,14636.822521434464,-1.0
605.7509999275208,0.0,0.0,0.0,0.0,0.0,605.7509999275208,7,1163,199,1,5,3,3,1.09,-2.17,0.5,-7.159999999999998,0,TRUE,15526.794035888026,-0.0
645.8700001239777,0.0,0.0,0.0,0.0,0.0,645.8700001239777,5,1161,183,5,9,3,3,0.53,-2.1500000000000004,0.5,-6.940000000000001,0,TRUE,16375.010171463611,-23.0
622.2530000209808,0.0,0.0,0.0,0.0,0.0,622.2530000209808,7,1105,203,3,5,3,3,1.1300000000000001,-1.5899999999999999,0.30000000000000004,-7.6999999999999975,0,TRUE,16582.89947341445,-16.0
540.1499998569489,0.0,0.0,0.0,0.0,0.0,540.1499998569489,7,1109,205,3,3,1,3,1.3499999999999996,-4.029999999999999,0.10000000000000009,-7.84,0,TRUE,15707.071167181151,-0.0
549.0060000419617,0.0,0.0,0.0,0.0,0.0,548.9900000095367,7,1113,189,3,3,3,3,1.19,-4.07,0.10000000000000009,-7.959999999999999,0,TRUE,15940.322521434464,-9.0
616.6719999313354,0.0,0.0,0.0,0.0,0.0,616.6719999313354,5,1148,187,4,9,1,1,0.5700000000000001,-2.0200000000000014,0.5999999999999999,-7.029999999999999,0,TRUE,15095.206254870978,-0.0
622.5820000171661,0.0,0.0,0.0,0.0,0.0,622.5820000171661,7,1171,191,3,5,3,3,1.01,-2.25,0.30000000000000004,-7.159999999999998,0,TRUE,16582.89947341445,-16.0
562.7849998474121,0.0,0.0,0.0,0.0,0.0,562.7849998474121,8,1161,195,1,3,3,3,1.25,-3.349999999999998,0.30000000000000004,-7.42,0,TRUE,15590.290805665993,-0.0
570.835000038147,0.0,0.0,0.0,0.0,0.0,570.835000038147,7,1105,203,3,3,3,3,1.33,-3.99,0.10000000000000009,-7.899999999999999,0,TRUE,15940.322521434464,-1.0
545.7780001163483,0.0,0.0,0.0,0.0,0.0,545.7780001163483,5,1173,193,3,5,3,3,1.03,-5.470000000000001,0.30000000000000004,-7.119999999999997,0,TRUE,14824.356766724608,-4.0
557.220999956131,0.0,0.0,0.0,0.0,0.0,557.220999956131,3,1141,179,7,9,3,3,0.49,-6.750000000000001,0.2999999999999998,-7.18,0,TRUE,14324.22071479194,-23.0
615.5309998989105,0.0,0.0,0.0,0.0,0.0,615.5309998989105,5,1147,189,5,7,3,3,0.79,-3.610000000000001,0.30000000000000004,-7.219999999999999,0,TRUE,15900.564997524942,-21.0
623.7739999294281,0.0,0.0,0.0,0.0,0.0,623.7739999294281,7,1108,194,3,5,1,3,1.0399999999999998,-1.6199999999999992,0.30000000000000004,-7.759999999999998,0,TRUE,16349.648119161138,-0.0
626.6740000247955,0.0,0.0,0.0,0.0,0.0,626.6740000247955,7,1101,205,3,5,3,3,1.1499999999999997,-1.549999999999999,0.30000000000000004,-7.719999999999999,0,TRUE,16582.89947341445,-14.000000000000002
596.6679999828339,0.0,0.0,0.0,0.0,0.0,596.6679999828339,6,1174,191,4,5,1,3,1.01,-3.880000000000001,0.19999999999999996,-7.129999999999999,0,TRUE,15858.955253293816,-0.0
705.3420000076294,0.0,0.0,0.0,0.0,0.0,705.3420000076294,5,1159,177,7,11,0,3,0.2699999999999998,-0.5299999999999994,0.5,-6.8199999999999985,0,TRUE,17351.07754704505,-0.0
552.6890001296997,0.0,0.0,0.0,0.0,0.0,552.6890001296997,7,1109,193,3,3,3,3,1.23,-4.029999999999999,0.10000000000000009,-7.959999999999999,0,TRUE,15940.322521434464,-8.0
640.5529999732971,0.0,0.0,0.0,0.0,0.0,640.5529999732971,5,1161,177,5,9,2,3,0.47,-2.1500000000000004,0.5,-7.0,0,TRUE,16046.45454734965,-18.0
560.550999879837,0.0,0.0,0.0,0.0,0.0,560.550999879837,8,1103,205,1,3,0,0,1.3499999999999996,-2.769999999999998,0.30000000000000004,-7.9,0,TRUE,15260.761959151447,-0.0
510.6289999485016,0.0,0.0,0.0,0.0,0.0,510.6289999485016,5,1125,185,1,5,3,3,0.95,-4.99,0.5,-7.68,0,TRUE,14069.995739920018,-0.0
537.7699999809265,0.0,0.0,0.0,0.0,0.0,537.7699999809265,5,1175,191,3,5,3,3,1.01,-5.49,0.30000000000000004,-7.119999999999999,0,TRUE,14824.356766724608,-8.0
485.55400013923645,0.0,0.0,0.0,0.0,0.0,485.55400013923645,8,1103,205,1,1,3,3,1.5499999999999998,-5.569999999999999,0.09999999999999998,-8.1,0,TRUE,14928.284380380817,-0.0
558.5239999294281,0.0,0.0,0.0,0.0,0.0,558.5239999294281,8,1101,205,0,3,0,0,1.3499999999999996,-2.7499999999999982,0.4000000000000001,-7.92,0,TRUE,14551.08594887195,-0.0
608.5659999847412,0.0,0.0,0.0,0.0,0.0,608.5659999847412,5,1143,175,5,7,1,1,0.6499999999999999,-3.5700000000000003,0.30000000000000004,-7.4,0,TRUE,14921.331623056565,-1.0
434.356999874115,0.0,0.0,0.0,0.0,0.0,434.356999874115,5,1107,185,1,1,1,3,1.35,-8.010000000000002,0.09999999999999998,-8.26,0,TRUE,13111.623650523237,-0.0
615.0040001869202,0.0,0.0,0.0,0.0,0.0,615.0040001869202,7,1147,177,3,5,0,3,0.8699999999999999,-2.01,0.30000000000000004,-7.539999999999999,0,TRUE,16505.14902199668,-0.0
543.0480000972748,0.0,0.0,0.0,0.0,0.0,543.0480000972748,7,1177,191,3,3,3,3,1.21,-4.709999999999999,0.10000000000000009,-7.300000000000001,0,TRUE,15940.322521434464,-3.0
631.5789999961853,0.0,0.0,0.0,0.0,0.0,631.5789999961853,7,1159,173,3,5,1,3,0.8299999999999998,-2.129999999999999,0.30000000000000004,-7.459999999999999,0,TRUE,16349.648119161138,-0.0
433.3550000190735,0.0,0.0,0.0,0.0,0.0,433.3550000190735,2,1179,193,3,7,3,3,0.8300000000000001,-9.930000000000001,0.5,-6.859999999999999,0,TRUE,12364.544538753333,-0.0
597.8869998455048,0.0,0.0,0.0,0.0,0.0,597.8709998130798,5,1169,177,3,9,3,3,0.47,-2.2300000000000004,0.7,-6.920000000000002,0,TRUE,15716.62975714116,-17.0
556.0889999866486,0.0,0.0,0.0,0.0,0.0,556.0889999866486,7,1183,195,3,3,1,1,1.25,-4.77,0.10000000000000009,-7.199999999999999,0,TRUE,14924.97116718115,-0.0
543.3639998435974,0.0,0.0,0.0,0.0,0.0,543.3639998435974,5,1155,167,3,5,3,1,0.7699999999999998,-5.290000000000001,0.30000000000000004,-7.559999999999999,0,TRUE,14042.256766724608,-6.0
660.6520001888275,0.0,0.0,0.0,0.0,0.0,660.6520001888275,8,1181,185,3,5,0,1,0.95,-0.75,0.30000000000000004,-7.119999999999997,0,TRUE,16591.213167996204,-0.0
473.2909998893738,0.0,0.0,0.0,0.0,0.0,473.2909998893738,7,1653,103,0,1,3,1,0.5299999999999999,-11.870000000000001,0.2,-3.620000000000001,0,TRUE,12977.7514522391,-0.0
542.989000082016,0.0,0.0,0.0,0.0,0.0,542.9739999771118,7,1185,189,3,3,1,3,1.19,-4.789999999999999,0.10000000000000009,-7.24,0,TRUE,15707.071167181151,-0.0
667.1330001354218,0.0,0.0,0.0,0.0,0.0,667.1330001354218,8,1185,185,3,5,0,1,0.95,-0.7899999999999991,0.30000000000000004,-7.079999999999998,0,TRUE,16591.213167996204,-0.0
556.4069998264313,0.0,0.0,0.0,0.0,0.0,556.4069998264313,3,1143,159,7,11,3,3,0.09000000000000008,-5.97,0.5,-7.159999999999998,0,TRUE,14626.552175423112,-28.999999999999996
542.4550001621246,0.0,0.0,0.0,0.0,0.0,542.4550001621246,5,1148,159,3,5,3,1,0.6900000000000002,-5.220000000000001,0.30000000000000004,-7.709999999999997,0,TRUE,14042.256766724608,-5.0
626.2940001487732,0.0,0.0,0.0,0.0,0.0,626.2940001487732,7,1663,183,3,5,1,2,0.9299999999999999,-7.169999999999998,0.30000000000000004,-2.3200000000000003,0,TRUE,15046.148119161138,-0.0
620.3559999465942,0.0,0.0,0.0,0.0,0.0,620.3559999465942,7,1661,185,3,5,1,1,0.95,-7.149999999999999,0.30000000000000004,-2.3200000000000003,0,TRUE,15567.548119161138,-0.0
590.8689999580383,0.0,0.0,0.0,0.0,0.0,590.8689999580383,5,1665,185,3,9,3,1,0.55,-7.1899999999999995,0.7,-1.8800000000000026,0,TRUE,14934.529757141161,-12.0
598.6570000648499,0.0,0.0,0.0,0.0,0.0,598.6570000648499,5,1654,187,3,9,3,1,0.5700000000000001,-7.08,0.7,-1.9700000000000024,0,TRUE,14934.529757141161,-12.0
623.2039999961853,0.0,0.0,0.0,0.0,0.0,623.2039999961853,5,1653,187,3,9,3,1,0.5700000000000001,-7.070000000000002,0.7,-1.9800000000000004,0,TRUE,14934.529757141161,-17.0
654.4089999198914,0.0,0.0,0.0,0.0,0.0,654.4089999198914,7,1665,189,3,5,1,1,0.99,-7.189999999999998,0.30000000000000004,-2.240000000000002,0,TRUE,15567.548119161138,-0.0
470.8439998626709,0.0,0.0,0.0,0.0,0.0,470.8439998626709,3,1333,164,4,5,1,1,0.74,-10.27,0.19999999999999996,-5.809999999999999,0,TRUE,12361.377626646907,-0.0
612.5069999694824,0.0,0.0,0.0,0.0,0.0,612.5069999694824,5,1143,175,5,7,1,1,0.6499999999999999,-3.5700000000000003,0.30000000000000004,-7.4,0,TRUE,14921.331623056565,-1.0
655.6440000534058,0.0,0.0,0.0,0.0,0.0,655.6440000534058,6,1102,205,5,5,3,3,1.1499999999999997,-3.16,0.10000000000000009,-7.709999999999999,0,TRUE,16390.022326885264,-18.0
652.8800001144409,0.0,0.0,0.0,0.0,0.0,652.8800001144409,5,1653,185,5,9,1,1,0.55,-7.070000000000002,0.5,-2.0,0,TRUE,15395.776796995235,-0.0
605.4659998416901,0.0,0.0,0.0,0.0,0.0,605.4659998416901,5,1157,185,3,11,3,3,0.34999999999999987,-0.5099999999999998,0.9000000000000001,-6.76,0,TRUE,16169.388359086344,-18.0
612.3120000362396,0.0,0.0,0.0,0.0,0.0,612.3120000362396,5,1651,189,3,9,1,3,0.5900000000000001,-7.0500000000000025,0.7,-1.9799999999999969,0,TRUE,15550.021646960222,-0.0
517.7530000209808,0.0,0.0,0.0,0.0,0.0,517.7530000209808,4,1667,185,1,7,1,1,0.75,-10.810000000000002,0.7,-2.0599999999999987,0,TRUE,12795.631201451128,-0.0
672.9860000610352,0.0,0.0,0.0,0.0,0.0,672.9860000610352,5,1655,185,5,11,1,1,0.34999999999999987,-5.49,0.7000000000000002,-1.7800000000000011,0,TRUE,15866.09126840223,-0.0
620.9379999637604,0.0,0.0,0.0,0.0,0.0,620.9379999637604,5,1651,185,5,7,1,1,0.75,-8.650000000000002,0.30000000000000004,-2.219999999999999,0,TRUE,14921.331623056565,-0.0
584.1050000190735,0.0,0.0,0.0,0.0,0.0,584.1050000190735,5,1113,189,5,5,0,4,0.99,-4.870000000000001,0.10000000000000009,-7.759999999999998,0,TRUE,13505.74081424826,-0.0
557.0409998893738,0.0,0.0,0.0,0.0,0.0,557.0409998893738,3,1134,183,7,9,1,3,0.53,-6.680000000000001,0.2999999999999998,-7.210000000000001,0,TRUE,14190.103773203693,-0.0
485.60700011253357,0.0,0.0,0.0,0.0,0.0,485.60700011253357,3,1651,185,1,7,1,1,0.75,-12.650000000000002,0.7,-2.219999999999999,0,TRUE,12008.198401088346,-0.0
502.1600000858307,0.0,0.0,0.0,0.0,0.0,502.1600000858307,3,1649,185,3,9,1,1,0.55,-11.830000000000002,0.7,-2.039999999999999,0,TRUE,12719.112988176134,-0.0
595.6979999542236,0.0,0.0,0.0,0.0,0.015000104904174805,595.6829998493195,5,1169,173,3,9,1,1,0.42999999999999994,-2.2300000000000004,0.7,-6.960000000000001,0,TRUE,14767.921646960222,-0.0
568.0910000801086,0.0,0.0,0.0,0.0,0.0,568.0750000476837,5,1163,191,5,5,0,4,1.01,-5.370000000000001,0.10000000000000009,-7.239999999999998,0,TRUE,13505.74081424826,-0.0
546.680999994278,0.0,0.0,0.0,0.0,0.0,546.680999994278,3,1145,193,7,7,1,3,0.8300000000000001,-7.590000000000002,0.09999999999999987,-7.199999999999999,0,TRUE,13860.438225336164,-0.0
473.728000164032,0.0,0.0,0.0,0.0,0.0,473.728000164032,3,1655,183,1,7,1,1,0.73,-12.690000000000001,0.7,-2.1999999999999993,0,TRUE,12008.198401088346,-0.0
539.4559998512268,0.0,0.0,0.0,0.0,0.0,539.4399998188019,3,1665,189,5,11,1,1,0.3899999999999999,-11.189999999999998,0.7000000000000002,-1.6400000000000041,0,TRUE,13378.014761041337,-0.0
493.35199999809265,0.0,0.0,0.0,0.0,0.0,493.35199999809265,3,1669,183,3,7,1,1,0.73,-12.830000000000002,0.5,-2.0599999999999987,0,TRUE,12450.751942021434,-0.0
492.61300015449524,0.0,0.0,0.0,0.0,0.0,492.61300015449524,3,1649,185,3,7,1,3,0.75,-12.630000000000003,0.5,-2.2399999999999984,0,TRUE,13232.851942021434,-0.0
670.8159999847412,0.0,0.0,0.0,0.0,0.0,670.8159999847412,5,1657,183,5,11,1,1,0.32999999999999985,-5.51,0.7000000000000002,-1.7800000000000011,0,TRUE,15866.09126840223,-0.0
576.5620000362396,0.0,0.0,0.0,0.0,0.0,576.5620000362396,5,1119,197,5,5,3,3,1.07,-4.93,0.10000000000000009,-7.619999999999999,0,TRUE,15396.351939071052,-18.0
625.1530001163483,0.0,0.0,0.0,0.0,0.0,625.1380000114441,5,1149,195,5,7,1,3,0.8500000000000001,-3.630000000000001,0.30000000000000004,-7.139999999999999,0,TRUE,15703.431623056566,-3.0
548.1109998226166,0.0,0.0,0.0,0.0,0.0,548.1109998226166,3,1111,183,7,9,1,3,0.53,-6.45,0.2999999999999998,-7.440000000000001,0,TRUE,14190.103773203693,-0.0
484.20300006866455,0.0,0.0,0.0,0.0,0.0,484.20300006866455,3,1671,185,1,9,1,1,0.55,-12.05,0.8999999999999999,-1.8200000000000003,0,TRUE,12268.243509076925,-0.0
555.3069999217987,0.0,0.0,0.0,0.0,0.0,555.3069999217987,4,1667,179,3,9,1,3,0.49,-9.610000000000003,0.7,-1.9199999999999982,0,TRUE,14525.617317568178,-0.0
483.10700011253357,0.0,0.0,0.0,0.0,0.0,483.10700011253357,3,1653,181,1,11,1,1,0.30999999999999983,-11.07,1.1,-1.8399999999999999,0,TRUE,12533.592231563478,-0.0
556.8819999694824,0.0,0.0,0.0,0.0,0.0,556.8819999694824,5,1101,199,5,5,0,3,1.09,-4.75,0.10000000000000009,-7.779999999999999,0,TRUE,15330.64081424826,-0.0
468.15000009536743,0.0,0.0,0.0,0.0,0.0,468.15000009536743,3,1655,181,1,7,1,1,0.71,-12.690000000000001,0.7,-2.219999999999999,0,TRUE,12008.198401088346,-0.0
720.2960000038147,0.0,0.0,0.0,0.0,0.0,720.2960000038147,5,1649,191,7,11,1,1,0.4099999999999999,-5.4300000000000015,0.5,-1.7799999999999976,0,TRUE,16419.95872305811,-21.0
650.8800001144409,0.0,0.0,0.0,0.0,0.0,650.8800001144409,5,1142,166,5,11,2,2,0.15999999999999992,-0.35999999999999943,0.7000000000000002,-7.1,0,TRUE,15213.269018756646,-19.0
500.0260000228882,0.0,0.0,0.0,0.0,0.0,500.0260000228882,3,1649,181,3,9,1,1,0.51,-11.830000000000002,0.7,-2.0799999999999983,0,TRUE,12719.112988176134,-0.0
646.3639998435974,0.0,0.0,0.0,0.0,0.0,646.3639998435974,5,1175,173,5,9,1,1,0.42999999999999994,-2.290000000000001,0.5,-6.9,0,TRUE,15395.776796995235,-9.0
481.38700008392334,0.0,0.0,0.0,0.0,0.0,481.38700008392334,3,1655,193,3,5,1,3,1.03,-13.490000000000002,0.30000000000000004,-2.299999999999997,0,TRUE,12965.849193926202,-0.0
418.6640000343323,0.0,0.0,0.0,0.0,0.0,418.6640000343323,2,1140,169,3,5,3,1,0.7899999999999998,-9.940000000000001,0.30000000000000004,-7.689999999999998,0,TRUE,11404.442706689842,-0.0
566.670000076294,0.0,0.0,0.0,0.0,0.0,566.6549999713898,5,1141,195,5,5,1,3,1.05,-5.15,0.10000000000000009,-7.419999999999998,0,TRUE,15199.218564602676,-0.0
448.24000000953674,0.0,0.0,0.0,0.0,0.0,448.24000000953674,3,1671,181,1,5,1,1,0.9099999999999999,-13.650000000000002,0.5,-2.259999999999998,0,TRUE,11753.664991623147,-0.0
467.38100004196167,0.0,0.0,0.0,0.0,0.0,467.38100004196167,3,1673,183,1,7,1,1,0.73,-12.870000000000001,0.7,-2.0199999999999996,0,TRUE,12008.198401088346,-0.0
416.95499992370605,0.0,0.0,0.0,0.0,0.015999794006347656,416.9390001296997,3,1647,187,0,3,3,1,1.17,-14.209999999999999,0.4000000000000001,-2.6400000000000006,0,TRUE,11310.894175020105,-0.0
515.8769998550415,0.0,0.0,0.0,0.0,0.0,515.8769998550415,3,1673,181,3,9,1,0,0.51,-12.07,0.7,-1.8399999999999999,0,TRUE,13240.512988176133,-0.0
486.2300000190735,0.0,0.0,0.0,0.0,0.0,486.2300000190735,5,1649,193,1,3,1,1,1.23,-11.830000000000002,0.30000000000000004,-2.559999999999995,0,TRUE,12743.277666326472,-0.0
536.2519998550415,0.0,0.0,0.0,0.0,0.0,536.2519998550415,3,1673,181,5,11,1,3,0.30999999999999983,-11.27,0.7000000000000002,-1.6400000000000006,0,TRUE,14160.114761041337,-0.0
612.1549999713898,0.0,0.0,0.0,0.0,0.0,612.1549999713898,5,1096,197,5,7,1,3,0.8700000000000001,-3.1000000000000014,0.30000000000000004,-7.649999999999999,0,TRUE,15703.431623056566,-3.0
499.75999999046326,0.0,0.0,0.0,0.0,0.0,499.75999999046326,3,1673,179,3,9,1,1,0.49,-12.07,0.7,-1.8599999999999994,0,TRUE,12719.112988176134,-0.0
619.3269999027252,0.0,0.0,0.0,0.0,0.0,619.3269999027252,5,1168,167,4,9,1,1,0.3699999999999999,-2.2200000000000006,0.5999999999999999,-7.030000000000001,0,TRUE,15095.206254870978,-0.0
469.8049998283386,0.0,0.0,0.0,0.0,0.0,469.8049998283386,3,1647,179,1,7,1,1,0.69,-12.61,0.7,-2.3200000000000003,0,TRUE,12008.198401088346,-0.0
483.1970000267029,0.0,0.0,0.0,0.0,0.0,483.1970000267029,3,1647,179,1,7,1,2,0.69,-12.61,0.7,-2.3200000000000003,0,TRUE,11486.798401088347,-0.0
483.0810000896454,0.0,0.0,0.0,0.0,0.0,483.0810000896454,3,1675,183,1,11,1,1,0.32999999999999985,-11.29,1.1,-1.6000000000000014,0,TRUE,12533.592231563478,-0.0
594.5049998760223,0.0,0.0,0.0,0.0,0.0,594.5049998760223,5,1647,195,1,7,1,4,0.8500000000000001,-8.61,0.7,-2.16,0,TRUE,12540.264001813912,-0.0
497.92000007629395,0.0,0.0,0.0,0.0,0.0,497.92000007629395,3,1649,177,3,9,1,0,0.47,-11.830000000000002,0.7,-2.1199999999999974,0,TRUE,13240.512988176133,-0.0
558.8409998416901,0.0,0.0,0.0,0.0,0.0,558.8409998416901,5,1643,183,1,7,1,1,0.73,-8.57,0.7,-2.3200000000000003,0,TRUE,13583.064001813911,-0.0
504.72000002861023,0.0,0.0,0.0,0.0,0.0,504.72000002861023,3,1649,177,4,7,3,3,0.6699999999999999,-12.630000000000003,0.3999999999999999,-2.3199999999999967,0,TRUE,13532.113137940934,-6.0
529.1819999217987,0.0,0.0,0.0,0.0,0.0,529.1819999217987,3,1649,177,1,7,1,1,0.6699999999999999,-12.630000000000003,0.7,-2.3199999999999967,0,TRUE,12008.198401088346,-0.0
611.2240002155304,0.0,0.0,0.0,0.0,0.0,611.2240002155304,5,1645,179,3,9,1,3,0.49,-6.99,0.7,-2.1400000000000006,0,TRUE,15550.021646960222,-0.0
574.8789999485016,0.0,0.0,0.0,0.0,0.0,574.8789999485016,5,1091,199,5,5,1,3,1.09,-4.65,0.10000000000000009,-7.879999999999999,0,TRUE,15199.218564602676,-0.0
495.67599987983704,0.0,0.0,0.0,0.0,0.0,495.67599987983704,3,1671,175,3,9,1,3,0.44999999999999996,-12.05,0.7,-1.9199999999999982,0,TRUE,13501.212988176134,-0.0
496.6289999485016,0.0,0.0,0.0,0.0,0.0,496.6289999485016,3,1675,178,3,9,1,1,0.4800000000000002,-12.09,0.7,-1.8500000000000014,0,TRUE,12719.112988176134,-0.0
513.7000000476837,0.0,0.0,0.0,0.0,0.0,513.7000000476837,4,1641,185,1,7,1,1,0.75,-10.55,0.7,-2.3200000000000003,0,TRUE,12795.631201451128,-0.0
670.4750001430511,0.0,0.0,0.0,0.0,0.0,670.4750001430511,5,1649,175,5,9,1,3,0.44999999999999996,-7.030000000000003,0.5,-2.139999999999997,0,TRUE,16177.876796995235,-0.0
508.896999835968,0.0,0.0,0.0,0.0,0.015999794006347656,508.88100004196167,3,1673,175,3,7,1,3,0.6499999999999999,-12.870000000000001,0.5,-2.099999999999998,0,TRUE,13232.851942021434,-0.0
532.9509999752045,0.0,0.0,0.0,0.0,0.0,532.9509999752045,3,1675,177,5,11,1,3,0.2699999999999998,-11.29,0.7000000000000002,-1.6600000000000001,0,TRUE,14160.114761041337,-0.0
490.13700008392334,0.0,0.0,0.0,0.0,0.0,490.13700008392334,3,1671,173,3,9,1,3,0.42999999999999994,-12.05,0.7,-1.9399999999999977,0,TRUE,13501.212988176134,-0.0
723.7769999504089,0.0,0.0,0.0,0.0,0.0,723.760999917984,7,1641,193,5,7,1,3,0.8300000000000001,-4.550000000000001,0.30000000000000004,-2.2399999999999984,0,TRUE,17813.60427227919,-5.0
413.76900005340576,0.0,0.0,0.0,0.0,0.0,413.76900005340576,2,1678,185,3,5,1,3,0.95,-15.320000000000002,0.30000000000000004,-2.1499999999999986,0,TRUE,12119.899462617468,-0.0
682.2820000648499,0.0,0.0,0.0,0.0,0.0,682.2820000648499,5,1677,179,7,9,1,3,0.49,-7.3100000000000005,0.2999999999999998,-1.8200000000000003,0,TRUE,16698.17295533949,-22.0
656.1870000362396,0.0,0.0,0.0,0.0,0.0,656.1870000362396,5,1639,185,5,9,1,1,0.55,-6.9300000000000015,0.5,-2.1400000000000006,0,TRUE,15395.776796995235,-0.0
646.837000131607,0.0,0.0,0.0,0.0,0.0,646.837000131607,5,1651,201,4,11,1,1,0.51,-5.450000000000001,0.8,-1.6600000000000001,0,TRUE,15555.524893277963,-0.0
677.1159999370575,0.0,0.0,0.0,0.0,0.0,677.1000001430511,5,1639,185,5,9,1,3,0.55,-6.9300000000000015,0.5,-2.1400000000000006,0,TRUE,16177.876796995235,-0.0
439.46599984169006,0.0,0.0,0.0,0.0,0.0,439.46599984169006,3,1647,175,0,5,1,3,0.8499999999999999,-13.41,0.6000000000000001,-2.5599999999999987,0,TRUE,12273.870798380729,-0.0
488.5930001735687,0.0,0.0,0.0,0.0,0.0,488.5930001735687,3,1643,177,1,7,1,3,0.6699999999999999,-12.57,0.7,-2.379999999999999,0,TRUE,12790.298401088347,-0.0
557.537999868393,0.0,0.0,0.0,0.0,0.0,557.537999868393,5,1639,183,1,7,1,1,0.73,-8.530000000000001,0.7,-2.3599999999999994,0,TRUE,13583.064001813911,-0.0
630.4990000724792,0.0,0.0,0.0,0.0,0.0,630.4990000724792,5,1638,187,4,9,1,3,0.5700000000000001,-6.92,0.5999999999999999,-2.1300000000000026,0,TRUE,15877.306254870979,-0.0
768.3610000610352,0.0,0.0,0.0,0.0,0.0,768.3610000610352,5,1648,199,8,15,1,0,0.09000000000000008,-2.2200000000000006,0.8,-1.3099999999999987,0,TRUE,18195.408023928212,-35.0
476.56699991226196,0.0,0.0,0.0,0.0,0.0,476.56699991226196,2,1643,197,5,13,1,3,0.27,-13.370000000000001,0.9000000000000001,-1.5799999999999983,0,TRUE,13104.91998359132,-0.0
495.8030002117157,0.0,0.0,0.0,0.0,0.0,495.8030002117157,5,1651,201,3,3,3,3,1.31,-11.850000000000001,0.10000000000000009,-2.4599999999999973,0,TRUE,14365.373229596047,-0.0
564.0710000991821,0.0,0.0,0.0,0.0,0.0,564.0710000991821,5,1639,181,1,7,1,1,0.71,-8.530000000000001,0.7,-2.379999999999999,0,TRUE,13583.064001813911,-0.0
433.1529998779297,0.0,0.0,0.0,0.0,0.0,433.1529998779297,3,1677,177,3,3,3,1,1.0699999999999998,-14.51,0.10000000000000009,-2.4399999999999977,0,TRUE,12008.323937757628,-0.0
624.7239999771118,0.0,0.0,0.0,0.0,0.0,624.7239999771118,5,1643,175,4,9,1,1,0.44999999999999996,-6.970000000000001,0.5999999999999999,-2.1999999999999993,0,TRUE,15095.206254870978,-0.0
531.1319999694824,0.0,0.0,0.0,0.0,0.0,531.1319999694824,3,1671,171,5,11,1,3,0.20999999999999974,-11.25,0.7000000000000002,-1.7600000000000016,0,TRUE,14160.114761041337,-0.0
439.2260000705719,0.0,0.0,0.0,0.0,0.0,439.2260000705719,2,1639,181,1,11,1,1,0.30999999999999983,-13.73,1.1,-1.9800000000000004,0,TRUE,11571.028154375652,-0.0
645.8280000686646,0.0,0.0,0.0,0.0,0.0,645.8280000686646,5,1643,175,5,9,1,3,0.44999999999999996,-6.970000000000001,0.5,-2.1999999999999993,0,TRUE,16177.876796995235,-0.0
442.35400009155273,0.0,0.0,0.0,0.0,0.0,442.35400009155273,2,1639,194,3,11,1,3,0.4399999999999997,-13.73,0.9000000000000001,-1.8500000000000014,0,TRUE,12657.912099562163,-0.0
640.5720000267029,0.0,0.0,0.0,0.0,0.0,640.5720000267029,5,1637,187,5,9,1,3,0.5700000000000001,-6.910000000000002,0.5,-2.1400000000000006,0,TRUE,16177.876796995235,-0.0
749.0460000038147,0.0,0.0,0.0,0.0,0.0,749.0460000038147,6,1637,189,5,9,1,1,0.5900000000000001,-4.510000000000002,0.5,-2.1199999999999974,0,TRUE,16545.75215639428,-3.0
511.00099992752075,0.0,0.0,0.0,0.0,0.0,511.00099992752075,3,1637,189,4,9,1,3,0.5900000000000001,-11.71,0.5999999999999999,-2.1199999999999974,0,TRUE,13697.583752922586,-0.0
575.8599998950958,0.0,0.0,0.0,0.0,0.0,575.8599998950958,5,1637,183,1,9,1,1,0.53,-6.910000000000002,0.8999999999999999,-2.1799999999999997,0,TRUE,14016.472515128207,-0.0
524.5409998893738,0.0,0.0,0.0,0.0,0.0,524.5409998893738,3,1637,183,4,9,1,1,0.53,-11.71,0.5999999999999999,-2.1799999999999997,0,TRUE,12915.483752922586,-0.0
624.7230000495911,0.0,0.0,0.0,0.0,0.0,624.7230000495911,5,1637,191,5,7,1,1,0.81,-8.510000000000002,0.30000000000000004,-2.299999999999997,0,TRUE,14921.331623056565,-0.0
620.1699998378754,0.0,0.0,0.0,0.0,0.0,620.1699998378754,5,1637,183,4,9,0,3,0.53,-6.910000000000002,0.5999999999999999,-2.1799999999999997,0,TRUE,15998.979615150187,-0.0
723.9079999923706,0.0,0.0,0.0,0.0,0.0,723.9079999923706,7,1637,191,5,7,1,3,0.81,-4.510000000000002,0.30000000000000004,-2.299999999999997,0,TRUE,17813.60427227919,-4.0
594.9830000400543,0.0,0.0,0.0,0.0,0.0,594.9830000400543,5,1637,183,4,5,1,1,0.9299999999999999,-10.110000000000001,0.19999999999999996,-2.5799999999999983,0,TRUE,14171.696044411514,-0.0
454.60599994659424,0.0,0.0,0.0,0.0,0.0,454.60599994659424,3,1637,191,1,5,3,1,1.01,-13.310000000000002,0.5,-2.4999999999999964,0,TRUE,11831.09744395201,-0.0
510.03600001335144,0.0,0.0,0.0,0.0,0.0,510.0199999809265,5,1637,187,3,3,1,2,1.17,-11.71,0.10000000000000009,-2.7399999999999984,0,TRUE,12895.265119415108,-0.0
623.7539999485016,0.0,0.0,0.0,0.0,0.0,623.7539999485016,5,1637,181,4,9,1,2,0.51,-6.910000000000002,0.5999999999999999,-2.1999999999999993,0,TRUE,14573.806254870979,-0.0
645.1000001430511,0.0,0.0,0.0,0.0,0.0,645.1000001430511,5,1637,181,5,9,1,1,0.51,-6.910000000000002,0.5,-2.1999999999999993,0,TRUE,15395.776796995235,-0.0
482.7409999370575,0.0,0.0,0.0,0.0,0.0,482.7409999370575,5,1637,189,1,3,1,1,1.19,-11.71,0.30000000000000004,-2.7199999999999953,0,TRUE,12743.277666326472,-0.0
645.0980000495911,0.0,0.0,0.0,0.0,0.0,645.0980000495911,5,1637,193,5,9,1,2,0.6300000000000001,-6.910000000000002,0.5,-2.0799999999999983,0,TRUE,14874.376796995235,-0.0
626.0150001049042,0.0,0.0,0.0,0.0,0.0,626.0150001049042,5,1643,173,4,9,1,1,0.42999999999999994,-6.970000000000001,0.5999999999999999,-2.219999999999999,0,TRUE,15095.206254870978,-0.0
483.3309998512268,0.0,0.0,0.0,0.0,0.0,483.3309998512268,3,1637,181,1,11,1,1,0.30999999999999983,-10.91,1.1,-2.0,0,TRUE,12533.592231563478,-0.0
521.9070000648499,0.0,0.0,0.0,0.0,0.0,521.9070000648499,3,1637,181,4,11,1,1,0.30999999999999983,-10.91,0.8,-2.0,0,TRUE,13191.674935966777,-0.0
446.2920000553131,0.0,0.0,0.0,0.0,0.0,446.2920000553131,3,1062,122,0,6,2,1,0.21999999999999975,-7.160000000000001,0.7000000000000002,-8.839999999999998,0,TRUE,11574.29629388922,-0.0
620.4660000801086,0.0,0.0,0.0,0.0,0.0,620.4660000801086,5,1163,197,5,7,3,1,0.8700000000000001,-3.7700000000000014,0.30000000000000004,-6.979999999999999,0,TRUE,15118.464997524941,-21.0
617.1119999885559,0.0,0.0,0.0,0.0,0.0,617.1119999885559,5,1135,181,5,7,3,1,0.71,-3.49,0.30000000000000004,-7.42,0,TRUE,15118.464997524941,-18.0
611.1480000019073,0.0,0.0,0.0,0.0,0.0,611.1480000019073,5,1113,187,3,9,1,1,0.5700000000000001,-1.6700000000000017,0.7,-7.379999999999999,0,TRUE,14767.921646960222,-0.0
662.8210000991821,0.0,0.0,0.0,0.0,0.0,662.8210000991821,6,1111,203,5,7,3,1,0.9300000000000002,-1.25,0.30000000000000004,-7.4399999999999995,0,TRUE,16212.97799702993,-19.0
600.2639999389648,0.0,0.0,0.0,0.0,0.0,600.2639999389648,5,1107,203,3,7,3,1,0.9300000000000002,-3.210000000000001,0.5,-7.479999999999999,0,TRUE,14487.26134688333,-16.0
613.7880001068115,0.0,0.0,0.0,0.0,0.0,613.7880001068115,4,1153,187,5,9,1,2,0.5700000000000001,-4.470000000000001,0.5,-6.98,0,TRUE,13724.401437596189,-0.0
579.981999874115,0.0,0.0,0.0,0.0,0.0,579.981999874115,5,1135,205,3,7,3,1,0.9499999999999997,-3.49,0.5,-7.18,0,TRUE,14487.26134688333,-16.0
504.3670001029968,0.0,0.0,0.0,0.0,0.0,504.3670001029968,4,1153,169,3,5,1,3,0.7899999999999998,-6.869999999999999,0.30000000000000004,-7.559999999999999,0,TRUE,13811.798925234936,-0.0
724.4319999217987,0.0,0.0,0.0,0.0,0.0,724.4319999217987,5,1109,205,8,11,3,1,0.5499999999999996,-0.02999999999999936,0.40000000000000013,-7.039999999999999,0,TRUE,16897.574690065878,-31.0
685.1749999523163,0.0,0.0,0.0,0.0,0.0,685.1749999523163,7,1111,187,5,5,3,1,0.97,-1.6499999999999986,0.10000000000000009,-7.799999999999999,0,TRUE,16601.592714699473,-18.0
600.5299999713898,0.0,0.0,0.0,0.0,0.0,600.5299999713898,5,1105,205,3,9,1,1,0.7499999999999998,-1.5900000000000016,0.7,-7.279999999999999,0,TRUE,14767.921646960222,-0.0
658.5759999752045,0.0,0.0,0.0,0.0,0.0,658.5759999752045,7,1153,169,5,5,1,3,0.7899999999999998,-2.0699999999999985,0.10000000000000009,-7.559999999999999,0,TRUE,17107.705990443745,-13.0
576.2630000114441,0.0,0.0,0.0,0.0,0.0,576.2630000114441,5,1109,201,3,7,3,1,0.9100000000000001,-3.2300000000000004,0.5,-7.48,0,TRUE,14487.26134688333,-13.0
554.9279999732971,0.0,0.0,0.0,0.0,0.0,554.9279999732971,3,1111,189,5,11,3,1,0.3899999999999999,-5.6499999999999995,0.7000000000000002,-7.18,0,TRUE,13496.294785722363,-19.0
610.6960000991821,0.0,0.0,0.0,0.0,0.0,610.6960000991821,5,1167,195,3,11,1,1,0.44999999999999996,-0.6099999999999994,0.9000000000000001,-6.559999999999999,0,TRUE,15220.680248905406,-0.0
598.2939999103546,0.0,0.0,0.0,0.0,0.0,598.2939999103546,5,1141,201,4,7,3,1,0.9100000000000001,-3.5500000000000007,0.3999999999999999,-7.16,0,TRUE,14819.421896568225,-16.0
483.7569999694824,0.0,0.0,0.0,0.0,0.0,483.7569999694824,3,1161,179,5,5,3,1,0.8899999999999999,-8.55,0.10000000000000009,-7.379999999999999,0,TRUE,12626.91116344263,-9.0
494.84500002861023,0.0,0.0,0.0,0.0,0.0,494.84500002861023,3,1143,161,3,9,1,1,0.3100000000000003,-6.7700000000000005,0.7,-7.34,0,TRUE,12719.112988176134,-0.0
493.15700006484985,0.0,0.0,0.0,0.0,0.0,493.15700006484985,3,1142,161,3,9,1,1,0.3100000000000003,-6.760000000000001,0.7,-7.35,0,TRUE,12719.112988176134,-0.0
568.9499998092651,0.0,0.0,0.0,0.0,0.0,568.9499998092651,5,1143,181,5,5,3,1,0.9099999999999999,-5.17,0.10000000000000009,-7.539999999999999,0,TRUE,14614.251939071051,-18.0
582.8359999656677,0.0,0.0,0.0,0.0,0.0,582.8359999656677,5,1131,195,3,7,3,1,0.8500000000000001,-3.450000000000001,0.5,-7.3199999999999985,0,TRUE,14487.26134688333,-14.000000000000002
548.9769999980927,0.0,0.0,0.0,0.0,0.0,548.9769999980927,5,1119,189,3,5,3,1,0.99,-4.93,0.30000000000000004,-7.699999999999999,0,TRUE,14042.256766724608,-5.0
570.0900001525879,0.0,0.0,0.0,0.0,0.0,570.0900001525879,4,1110,195,3,11,3,3,0.44999999999999996,-2.84,0.9000000000000001,-7.129999999999999,0,TRUE,15021.110687269076,-16.0
503.2630000114441,0.0,0.0,0.0,0.0,0.0,503.2630000114441,5,1153,187,1,5,3,3,0.97,-5.27,0.5,-7.379999999999999,0,TRUE,14069.995739920018,-0.0
655.0949997901917,0.0,0.0,0.0,0.0,0.0,655.0949997901917,5,1169,197,5,11,1,1,0.47,-0.629999999999999,0.7000000000000002,-6.52,0,TRUE,15866.09126840223,-14.000000000000002
565.4790000915527,0.0,0.0,0.0,0.0,0.0,565.4790000915527,5,1139,183,5,5,3,1,0.9299999999999999,-5.130000000000001,0.10000000000000009,-7.559999999999999,0,TRUE,14614.251939071051,-18.0
504.32999992370605,0.0,0.0,0.0,0.0,0.0,504.32999992370605,4,1135,185,1,7,1,2,0.75,-5.49,0.7,-7.379999999999999,0,TRUE,12274.23120145113,-0.0
605.2619998455048,0.0,0.0,0.0,0.0,0.0,605.2619998455048,5,1095,205,5,7,3,1,0.9499999999999997,-3.0900000000000016,0.30000000000000004,-7.579999999999998,0,TRUE,15118.464997524941,-18.0
740.6310000419617,0.0,0.0,0.0,0.0,0.0,740.6310000419617,7,1683,181,5,7,1,1,0.71,-4.970000000000002,0.30000000000000004,-1.9399999999999977,0,TRUE,17031.50427227919,-8.0
476.76399993896484,0.0,0.0,0.0,0.0,0.0,476.76399993896484,5,1159,179,1,3,3,1,1.0899999999999999,-6.93,0.30000000000000004,-7.6,0,TRUE,12872.331753541246,-0.0
494.8359999656677,0.0,0.0,0.0,0.0,0.0,494.8359999656677,3,1173,185,3,9,3,1,0.55,-7.070000000000001,0.7,-6.800000000000001,0,TRUE,12819.077854284697,-0.0
491.9760000705719,0.0,0.0,0.0,0.0,0.0,491.9760000705719,3,1159,162,3,9,1,1,0.32000000000000006,-6.930000000000001,0.7,-7.17,0,TRUE,12719.112988176134,-0.0
530.8199999332428,0.0,0.0,0.0,0.0,0.0,530.8199999332428,3,1144,151,6,9,3,3,0.20999999999999996,-6.78,0.3999999999999999,-7.4300000000000015,0,TRUE,14168.996553687817,-21.0
465.2020001411438,0.0,0.0,0.0,0.0,0.0,465.2020001411438,5,1168,182,0,3,3,1,1.12,-7.02,0.4000000000000001,-7.48,0,TRUE,12420.890291700172,-0.0
430.86500000953674,0.0,0.0,0.0,0.0,0.0,430.86500000953674,5,1121,203,1,1,1,3,1.5300000000000002,-8.150000000000002,0.09999999999999998,-7.939999999999998,0,TRUE,13111.623650523237,-0.0
405.6579999923706,0.0,0.0,0.0,0.0,0.0,405.6579999923706,4,1169,177,1,1,0,4,1.27,-9.43,0.09999999999999998,-7.720000000000001,0,TRUE,10818.827766933136,-0.0
495.00999999046326,0.0,0.0,0.0,0.0,0.0,495.00999999046326,3,1175,183,3,9,3,1,0.53,-7.090000000000001,0.7,-6.800000000000001,0,TRUE,12819.077854284697,-0.0
397.29900002479553,0.0,0.0,0.0,0.0,0.0,397.2689998149872,3,1171,179,1,1,1,3,1.29,-10.250000000000002,0.09999999999999998,-7.679999999999998,0,TRUE,12038.174190313943,-0.0
393.9300000667572,0.0,0.0,0.0,0.0,0.0,393.9300000667572,3,1167,177,0,1,0,4,1.27,-10.21,0.2,-7.74,0,TRUE,10009.961892480776,-0.0
392.3239998817444,0.0,0.0,0.0,0.0,0.0,392.3239998817444,3,1169,181,1,1,1,3,1.31,-10.23,0.09999999999999998,-7.68,0,TRUE,12038.174190313943,-0.0
491.02800011634827,0.0,0.0,0.0,0.0,0.0,491.02800011634827,3,1678,151,3,5,1,3,0.6099999999999999,-13.720000000000002,0.30000000000000004,-2.4899999999999984,0,TRUE,12965.849193926202,-0.0
366.1309998035431,0.0,0.0,0.0,0.0,0.0,366.1309998035431,2,1125,205,1,1,1,4,1.5499999999999998,-10.59,0.09999999999999998,-7.879999999999999,0,TRUE,9676.549460209295,-0.0
591.1570000648499,0.0,0.0,0.0,0.0,0.0,591.1570000648499,5,1141,149,4,7,1,3,0.3899999999999999,-3.5500000000000007,0.3999999999999999,-7.68,0,TRUE,15419.011856149413,-0.0
462.0529999732971,0.0,0.0,0.0,0.0,0.0,462.0369999408722,2,1089,193,5,15,3,1,0.030000000000000027,-7.4300000000000015,1.1,-6.959999999999997,0,TRUE,12592.074062041302,-13.0
648.7599999904633,0.0,0.0,0.0,0.0,0.0,648.7599999904633,7,1135,153,5,5,1,2,0.6299999999999999,-1.8899999999999988,0.10000000000000009,-7.899999999999999,0,TRUE,15804.205990443745,-9.0
476.2130000591278,0.0,0.0,0.0,0.0,0.0,476.2130000591278,3,1159,155,1,9,1,1,0.25,-6.930000000000001,0.8999999999999999,-7.24,0,TRUE,12268.243509076925,-0.0
651.8460001945496,0.0,0.0,0.0,0.0,0.0,651.8460001945496,7,1637,205,4,5,3,3,1.1499999999999997,-6.91,0.19999999999999996,-2.3599999999999994,0,TRUE,17019.628518762456,-22.0
480.4619998931885,0.0,0.0,0.0,0.0,0.0,480.4619998931885,3,1187,169,3,5,1,3,0.7899999999999998,-8.810000000000002,0.30000000000000004,-7.219999999999999,0,TRUE,12965.849193926202,-0.0
458.0089998245239,0.0,0.0,0.0,0.0,0.0,458.0089998245239,4,1637,205,1,3,1,3,1.3499999999999996,-12.91,0.30000000000000004,-2.5599999999999987,0,TRUE,12905.902133061178,-0.0
711.9950001239777,0.0,0.0,0.0,0.0,0.0,711.9790000915527,5,1691,183,7,9,1,3,0.53,-7.450000000000001,0.2999999999999998,-1.6400000000000006,0,TRUE,16698.17295533949,-22.0
397.76799988746643,0.0,0.0,0.0,0.0,0.0,397.76799988746643,3,1157,149,1,1,1,3,0.9899999999999999,-10.110000000000001,0.09999999999999998,-8.12,0,TRUE,12038.174190313943,-0.0
582.4520001411438,0.0,0.0,0.0,0.0,0.0,582.4520001411438,5,1161,153,3,7,1,3,0.42999999999999994,-3.75,0.5,-7.4399999999999995,0,TRUE,15102.753236702392,-0.0
566.0869998931885,0.0,0.0,0.0,0.0,0.0,566.0869998931885,5,1157,147,1,7,1,3,0.3699999999999999,-3.710000000000001,0.7,-7.539999999999999,0,TRUE,14365.164001813911,-0.0
427.529000043869,0.0,0.0,0.0,0.0,0.0,427.529000043869,3,1133,151,3,3,1,3,0.8099999999999998,-9.07,0.10000000000000009,-8.14,0,TRUE,12690.459071649064,-0.0
657.1549999713898,0.0,0.0,0.0,0.0,0.0,657.1549999713898,7,1163,153,5,5,1,4,0.6299999999999999,-2.17,0.10000000000000009,-7.619999999999997,0,TRUE,15282.805990443745,-8.0
585.0369999408722,0.0,0.0,0.0,0.0,0.0,585.0369999408722,5,1693,177,1,11,3,3,0.2699999999999998,-5.869999999999999,1.1,-1.4800000000000004,0,TRUE,15369.874473153905,-0.0
570.0169999599457,0.0,0.0,0.0,0.0,0.0,570.0169999599457,3,1629,163,7,11,1,1,0.13000000000000012,-10.829999999999998,0.5,-2.2600000000000016,0,TRUE,13710.335233834867,-0.0
518.1689999103546,0.0,0.0,0.0,0.0,0.0,518.1689999103546,5,1629,163,1,5,1,1,0.7300000000000002,-10.03,0.5,-2.8599999999999994,0,TRUE,13158.841652705243,-0.0
727.228000164032,0.0,0.0,0.0,0.0,0.0,727.228000164032,7,1621,169,5,7,3,0,0.5899999999999999,-4.350000000000001,0.30000000000000004,-2.6799999999999997,0,TRUE,17828.890996534916,-26.0
550.6489999294281,0.0,0.0,0.0,0.0,0.0,550.6340000629425,5,1695,167,3,5,3,3,0.7699999999999998,-10.69,0.30000000000000004,-2.16,0,TRUE,14824.356766724608,-0.0
522.6859998703003,0.0,0.0,0.0,0.0,0.0,522.6859998703003,5,1159,139,1,5,3,1,0.49,-5.33,0.5,-7.799999999999999,0,TRUE,13287.895739920017,-0.0
602.6100001335144,0.0,0.0,0.0,0.0,0.0,602.6100001335144,5,1702,179,4,7,1,1,0.69,-9.16,0.3999999999999999,-1.7699999999999996,0,TRUE,14636.91185614941,-0.0
551.047000169754,0.0,0.0,0.0,0.0,0.0,551.047000169754,5,1611,181,3,5,1,1,0.9099999999999999,-9.85,0.30000000000000004,-2.8599999999999994,0,TRUE,13875.64865654367,-0.0
705.7310001850128,0.0,0.0,0.0,0.0,0.0,705.7310001850128,7,1207,171,5,7,3,0,0.6099999999999999,-0.21000000000000085,0.30000000000000004,-6.799999999999999,0,TRUE,17828.890996534916,-22.0
780.4359998703003,0.0,0.0,0.0,0.0,0.0,780.4359998703003,7,1705,171,7,7,1,1,0.6099999999999999,-5.190000000000001,0.09999999999999987,-1.8200000000000003,0,TRUE,17654.92252578438,-23.0
572.3179998397827,0.0,0.0,0.0,0.0,0.0,572.3179998397827,5,1707,173,1,9,3,3,0.42999999999999994,-7.610000000000001,0.8999999999999999,-1.5799999999999983,0,TRUE,14927.62660234298,-0.0
475.4910001754761,0.0,0.0,0.0,0.0,0.0,475.4910001754761,3,1211,167,3,5,1,3,0.7699999999999998,-9.05,0.30000000000000004,-7.0,0,TRUE,12965.849193926202,-0.0
521.0820000171661,0.0,0.0,0.0,0.0,0.0,521.0820000171661,5,1218,183,1,5,1,3,0.9299999999999999,-5.92,0.5,-6.77,0,TRUE,13940.941652705245,-0.0
501.09099984169006,0.0,0.0,0.0,0.0,0.0,501.09099984169006,5,1217,171,3,3,1,3,1.0099999999999998,-7.51,0.10000000000000009,-7.1,0,TRUE,14198.765119415108,-0.0
500.6909999847412,0.0,0.0,0.0,0.0,0.0,500.6749999523163,5,1215,167,3,3,1,3,0.9699999999999998,-7.49,0.10000000000000009,-7.16,0,TRUE,14198.765119415108,-0.0
413.1909999847412,0.0,0.0,0.0,0.0,0.0,413.1909999847412,2,1219,181,0,11,0,4,0.30999999999999983,-9.53,1.2000000000000002,-6.18,0,TRUE,10376.07933602985,-0.0
715.1080000400543,0.0,0.0,0.0,0.0,0.0,715.1080000400543,7,1217,169,5,7,3,1,0.5899999999999999,-0.3100000000000005,0.30000000000000004,-6.719999999999999,0,TRUE,17307.490996534918,-21.0
658.0339999198914,0.0,0.0,0.0,0.0,0.0,658.0339999198914,7,1221,179,5,5,3,1,0.8899999999999999,-2.75,0.10000000000000009,-6.779999999999998,0,TRUE,16601.592714699473,-21.0
695.5,0.0,0.0,0.0,0.0,0.0,695.5,7,1219,171,4,7,1,2,0.6099999999999999,-0.33000000000000007,0.3999999999999999,-6.68,0,TRUE,16111.916598609176,-4.0
624.3429999351501,0.0,0.0,0.0,0.0,0.0,624.3429999351501,5,1599,189,5,7,3,1,0.79,-8.129999999999999,0.30000000000000004,-2.6999999999999993,0,TRUE,15118.464997524941,-26.0
522.3450000286102,0.0,0.0,0.0,0.0,0.0,522.3450000286102,3,1599,181,5,7,3,1,0.71,-12.129999999999999,0.30000000000000004,-2.780000000000001,0,TRUE,12929.438998514965,-16.0
465.1850001811981,0.0,0.0,0.0,0.0,0.0,465.1850001811981,2,1312,204,5,9,3,2,0.74,-10.860000000000001,0.5,-5.219999999999999,0,TRUE,11503.304068585445,-12.0
649.175999879837,0.0,0.0,0.0,0.0,0.0,649.175999879837,5,1637,189,5,9,1,1,0.5900000000000001,-6.910000000000002,0.5,-2.1199999999999974,0,TRUE,15395.776796995235,-0.0
592.9660000801086,0.0,0.0,0.0,0.0,0.0,592.9660000801086,5,1163,196,4,7,1,1,0.8599999999999999,-3.7700000000000014,0.3999999999999999,-6.989999999999998,0,TRUE,14636.91185614941,-0.0
647.6899998188019,0.0,0.0,0.0,0.0,0.0,647.6899998188019,5,1599,189,5,9,1,1,0.5900000000000001,-6.529999999999999,0.5,-2.5,0,TRUE,15395.776796995235,-0.0
509.5990002155304,0.0,0.0,0.0,0.0,0.0,509.5990002155304,3,1094,205,5,7,3,3,0.9499999999999997,-7.08,0.30000000000000004,-7.59,0,TRUE,13711.538998514965,-16.0
652.329999923706,0.0,0.0,0.0,0.0,0.0,652.329999923706,5,1601,189,5,9,1,1,0.5900000000000001,-6.5500000000000025,0.5,-2.479999999999997,0,TRUE,15395.776796995235,-0.0
532.4700000286102,0.0,0.0,0.0,0.0,0.0,532.4700000286102,3,1163,199,5,9,3,3,0.6900000000000002,-6.9700000000000015,0.5,-6.76,0,TRUE,13996.206102878168,-21.0
526.6280000209808,0.0,0.0,0.0,0.0,0.0,526.6280000209808,3,1094,205,5,9,1,1,0.7499999999999998,-6.28,0.5,-7.390000000000001,0,TRUE,13095.82607819714,-0.0
628.3800001144409,0.0,0.0,0.0,0.0,0.0,628.3800001144409,5,1153,181,5,7,3,1,0.71,-3.67,0.30000000000000004,-7.24,0,TRUE,15118.464997524941,-21.0
485.8509998321533,0.0,0.0,0.0,0.0,0.0,485.8509998321533,3,1137,183,3,7,3,1,0.73,-7.510000000000002,0.5,-7.379999999999999,0,TRUE,12550.716808129997,-0.0
492.78200006484985,0.0,0.0,0.0,0.0,0.0,492.78200006484985,3,1131,181,3,9,1,1,0.51,-6.650000000000001,0.7,-7.26,0,TRUE,12719.112988176134,-0.0
506.6049997806549,0.0,0.0,0.0,0.0,0.0,506.6049997806549,3,1139,205,5,7,3,3,0.9499999999999997,-7.530000000000001,0.30000000000000004,-7.139999999999999,0,TRUE,13711.538998514965,-16.0
618.670000076294,0.0,0.0,0.0,0.0,0.0,618.670000076294,5,1137,203,5,7,3,3,0.9300000000000002,-3.5100000000000016,0.30000000000000004,-7.179999999999998,0,TRUE,15900.564997524942,-21.0
496.57299995422363,0.0,0.0,0.0,0.0,0.0,496.57299995422363,3,1143,179,3,7,3,1,0.69,-7.57,0.5,-7.359999999999999,0,TRUE,12550.716808129997,-0.0
684.9610002040863,0.0,0.0,0.0,0.0,0.0,684.9610002040863,5,1111,203,7,9,1,3,0.7300000000000002,-1.6500000000000004,0.2999999999999998,-7.24,0,TRUE,16698.17295533949,-17.0
506.95099997520447,0.0,0.0,0.0,0.0,0.0,506.95099997520447,3,1133,205,5,7,3,3,0.9499999999999997,-7.470000000000001,0.30000000000000004,-7.199999999999999,0,TRUE,13711.538998514965,-17.0
569.5910000801086,0.0,0.0,0.0,0.0,0.0,569.5910000801086,3,1163,195,5,11,1,2,0.44999999999999996,-6.170000000000001,0.7000000000000002,-6.599999999999998,0,TRUE,12856.614761041337,-0.0
528.2990000247955,0.0,0.0,0.0,0.0,0.0,528.2990000247955,3,1111,197,5,9,3,1,0.6700000000000002,-6.45,0.5,-7.300000000000001,0,TRUE,13214.106102878166,-21.0
554.7999999523163,0.0,0.0,0.0,0.0,0.0,554.7999999523163,3,1109,197,6,11,3,1,0.47,-5.63,0.6000000000000001,-7.119999999999999,0,TRUE,13677.311534567232,-25.0
564.2990000247955,0.0,0.0,0.0,0.0,0.0,564.2990000247955,4,1637,205,4,7,1,2,0.9499999999999997,-10.510000000000002,0.3999999999999999,-2.16,0,TRUE,13117.30948491953,-0.0
490.22699999809265,0.0,0.0,0.0,0.0,0.0,490.2109999656677,2,1111,205,8,9,1,0,0.7499999999999998,-8.85,0.19999999999999996,-7.220000000000001,0,TRUE,12759.588005925809,-5.0
573.3099999427795,0.0,0.0,0.0,0.0,0.0,573.3099999427795,3,1113,197,7,7,1,1,0.8700000000000001,-7.270000000000001,0.09999999999999987,-7.479999999999999,0,TRUE,13078.338225336163,-0.0
571.7300000190735,0.0,0.0,0.0,0.0,0.0,571.7300000190735,3,1113,197,7,11,1,3,0.47,-5.670000000000001,0.5,-7.079999999999998,0,TRUE,14492.435233834865,-9.0
486.2449998855591,0.0,0.0,0.0,0.0,0.0,486.2449998855591,3,1141,185,3,7,3,1,0.75,-7.550000000000001,0.5,-7.32,0,TRUE,12550.716808129997,-0.0
486.3789999485016,0.0,0.0,0.0,0.0,0.0,486.3789999485016,2,1111,205,7,9,1,0,0.7499999999999998,-8.85,0.2999999999999998,-7.220000000000001,0,TRUE,12675.369182135795,-0.0
712.0360000133514,0.0,0.0,0.0,0.0,0.0,712.0360000133514,5,1135,205,7,11,1,3,0.5499999999999996,-0.28999999999999915,0.5,-6.779999999999999,0,TRUE,17202.05872305811,-19.0
508.5770001411438,0.0,0.0,0.0,0.0,0.0,508.5770001411438,3,1135,177,5,7,3,3,0.6699999999999999,-7.49,0.30000000000000004,-7.460000000000001,0,TRUE,13711.538998514965,-13.0
642.683000087738,0.0,0.0,0.0,0.0,0.0,642.683000087738,5,1637,205,4,9,1,2,0.7499999999999998,-6.910000000000002,0.5999999999999999,-1.9600000000000009,0,TRUE,14573.806254870979,-0.0
508.25,0.0,0.0,0.0,0.0,0.0,508.25,3,1159,199,5,7,3,1,0.8900000000000001,-7.73,0.30000000000000004,-7.0,0,TRUE,12929.438998514965,-16.0
535.5499999523163,0.0,0.0,0.0,0.0,0.0,535.5499999523163,3,1089,195,5,11,1,1,0.44999999999999996,-5.430000000000001,0.7000000000000002,-7.339999999999998,0,TRUE,13378.014761041337,-0.0
418.5829999446869,0.0,0.0,0.0,0.0,0.0,418.56699991226196,2,1093,205,3,5,3,3,1.1499999999999997,-9.47,0.30000000000000004,-7.799999999999999,0,TRUE,12186.542706689843,-0.0
513.6779999732971,0.0,0.0,0.0,0.0,0.0,513.6779999732971,3,1115,193,5,7,3,1,0.8300000000000001,-7.290000000000001,0.30000000000000004,-7.5,0,TRUE,12929.438998514965,-14.000000000000002
497.63100004196167,0.0,0.0,0.0,0.0,0.0,497.63100004196167,5,1137,179,3,3,3,1,1.0899999999999999,-6.710000000000001,0.10000000000000009,-7.8199999999999985,0,TRUE,13583.273229596045,-0.0
603.2660000324249,0.0,0.0,0.0,0.0,0.0,603.2660000324249,5,1689,181,3,9,1,1,0.51,-7.4300000000000015,0.7,-1.6799999999999997,0,TRUE,14767.921646960222,-0.0
613.3229999542236,0.0,0.0,0.0,0.0,0.0,613.3229999542236,5,1165,181,5,7,3,1,0.71,-3.790000000000001,0.30000000000000004,-7.119999999999999,0,TRUE,15118.464997524941,-21.0
529.4519999027252,0.0,0.0,0.0,0.0,0.0,529.4519999027252,3,1139,197,5,9,3,1,0.6700000000000002,-6.730000000000001,0.5,-7.02,0,TRUE,13214.106102878166,-21.0
474.64999985694885,0.0,0.0,0.0,0.0,0.0,474.64999985694885,2,1109,201,6,11,2,1,0.51,-8.43,0.6000000000000001,-7.08,0,TRUE,12193.011395090674,-10.0
500.60000014305115,0.0,0.0,0.0,0.0,0.0,500.60000014305115,2,1091,194,7,11,1,0,0.4399999999999997,-8.25,0.5,-7.33,0,TRUE,12876.923489223243,-0.0
627.8940000534058,0.0,0.0,0.0,0.0,0.0,627.8940000534058,5,1637,203,4,9,1,1,0.7300000000000002,-6.910000000000002,0.5999999999999999,-1.9800000000000004,0,TRUE,15095.206254870978,-0.0
853.2699999809265,0.0,0.0,0.0,0.0,0.0,853.2699999809265,7,1637,205,7,9,1,1,0.7499999999999998,-2.110000000000003,0.2999999999999998,-1.9600000000000009,0,TRUE,18424.142137475283,-26.0
696.1970000267029,0.0,0.0,0.0,0.0,0.0,696.1970000267029,5,1140,205,7,9,1,3,0.7499999999999998,-1.9400000000000013,0.2999999999999998,-6.93,0,TRUE,16698.17295533949,-18.0
767.683000087738,0.0,0.0,0.0,0.0,0.0,767.683000087738,6,1637,205,7,9,1,1,0.7499999999999998,-4.510000000000002,0.2999999999999998,-1.9600000000000009,0,TRUE,17170.107546407387,-23.0
644.2239999771118,0.0,0.0,0.0,0.0,0.0,644.2239999771118,5,1637,201,4,9,3,3,0.7100000000000002,-6.910000000000002,0.5999999999999999,-2.0,0,TRUE,16059.816295289791,-26.0
586.1929998397827,0.0,0.0,0.0,0.0,0.0,586.1779999732971,5,1133,176,5,5,3,1,0.8600000000000001,-5.07,0.10000000000000009,-7.689999999999998,0,TRUE,14614.251939071051,-18.0
840.3270001411438,0.0,0.0,0.0,0.0,0.0,840.3270001411438,7,1635,205,7,9,1,1,0.7499999999999998,-2.0900000000000034,0.2999999999999998,-1.9800000000000004,0,TRUE,18424.142137475283,-25.0
533.0880000591278,0.0,0.0,0.0,0.0,0.0,533.0880000591278,3,1145,201,5,11,3,1,0.51,-5.990000000000001,0.7000000000000002,-6.719999999999997,0,TRUE,13496.294785722363,-21.0
566.6640000343323,0.0,0.0,0.0,0.0,0.0,566.6640000343323,3,1099,205,7,11,3,1,0.5499999999999996,-5.53,0.5,-7.139999999999999,0,TRUE,13844.452175423114,-28.999999999999996
563.1989998817444,0.0,0.0,0.0,0.0,0.0,563.1840000152588,3,1091,205,8,9,1,1,0.7499999999999998,-6.250000000000001,0.19999999999999996,-7.42,0,TRUE,13534.332008888712,-12.0
533.7179999351501,0.0,0.0,0.0,0.0,0.0,533.7179999351501,3,1145,199,5,11,3,1,0.49,-5.990000000000001,0.7000000000000002,-6.739999999999998,0,TRUE,13496.294785722363,-21.0
531.0280001163483,0.0,0.0,0.0,0.0,0.0,531.0280001163483,3,1135,195,5,11,1,3,0.44999999999999996,-5.89,0.7000000000000002,-6.879999999999999,0,TRUE,14160.114761041337,-0.0
459.90199995040894,0.0,0.0,0.0,0.0,0.0,459.90199995040894,2,1637,205,5,9,3,3,0.7499999999999998,-14.110000000000001,0.5,-1.9600000000000009,0,TRUE,12806.804068585445,-10.0
679.9089999198914,0.0,0.0,0.0,0.0,0.0,679.9089999198914,6,1637,205,3,11,1,2,0.5499999999999996,-2.51,0.9000000000000001,-1.7600000000000016,0,TRUE,15814.236298686486,-0.0
611.3129999637604,0.0,0.0,0.0,0.0,0.0,611.3129999637604,5,1603,185,3,9,1,1,0.55,-6.570000000000002,0.7,-2.5,0,TRUE,14767.921646960222,-0.0
498.0590000152588,0.0,0.0,0.0,0.0,0.0,498.0590000152588,3,1157,199,4,7,3,1,0.8900000000000001,-7.710000000000001,0.3999999999999999,-7.02,0,TRUE,12750.013137940934,-4.0
688.0729999542236,0.0,0.0,0.0,0.0,0.0,688.0569999217987,5,1637,205,5,11,1,2,0.5499999999999996,-5.3100000000000005,0.7000000000000002,-1.7600000000000016,0,TRUE,15344.69126840223,-0.0
646.0360000133514,0.0,0.0,0.0,0.0,0.0,646.0360000133514,5,1637,205,4,11,1,2,0.5499999999999996,-5.3100000000000005,0.8,-1.7600000000000016,0,TRUE,15034.124893277964,-0.0
469.3819999694824,0.0,0.0,0.0,0.0,0.0,469.3819999694824,2,1105,195,6,9,3,1,0.6500000000000001,-8.790000000000001,0.3999999999999999,-7.379999999999999,0,TRUE,12139.897702458544,-13.0
497.74699997901917,0.0,0.0,0.0,0.0,0.0,497.74699997901917,3,1115,181,3,7,3,1,0.71,-7.290000000000001,0.5,-7.619999999999999,0,TRUE,12550.716808129997,-0.0
501.81500005722046,0.0,0.0,0.0,0.0,0.0,501.81500005722046,3,1165,187,3,11,3,1,0.3699999999999999,-6.19,0.9000000000000001,-6.659999999999998,0,TRUE,13090.733015451806,-0.0
498.74900007247925,0.0,0.0,0.0,0.0,0.0,498.74900007247925,3,1117,181,4,7,3,1,0.71,-7.3100000000000005,0.3999999999999999,-7.6,0,TRUE,12750.013137940934,-6.0
651.5640001296997,0.0,0.0,0.0,0.0,0.0,651.5640001296997,4,1637,205,8,9,1,1,0.7499999999999998,-9.310000000000002,0.19999999999999996,-1.9600000000000009,0,TRUE,14830.476011851617,-19.0
472.2809998989105,0.0,0.0,0.0,0.0,0.0,472.2809998989105,2,1127,193,7,7,1,1,0.8300000000000001,-9.41,0.09999999999999987,-7.379999999999999,0,TRUE,11934.19215022411,-0.0
724.8129999637604,0.0,0.0,0.0,0.0,0.0,724.8129999637604,5,1637,203,7,11,3,3,0.53,-5.3100000000000005,0.5,-1.7800000000000011,0,TRUE,17425.586959038523,-42.0
483.20499992370605,0.0,0.0,0.0,0.0,0.0,483.20499992370605,2,1637,205,7,9,3,2,0.7499999999999998,-14.110000000000001,0.2999999999999998,-1.9600000000000009,0,TRUE,11721.98047652796,-13.0
560.3300001621246,0.0,0.0,0.0,0.0,0.0,560.3300001621246,3,1637,203,7,9,1,2,0.7300000000000002,-11.71,0.2999999999999998,-1.9800000000000004,0,TRUE,12886.603773203693,-0.0
488.2960000038147,0.0,0.0,0.0,0.0,0.0,488.2960000038147,3,1135,175,3,9,3,3,0.44999999999999996,-6.69,0.7,-7.280000000000001,0,TRUE,13601.177854284695,-0.0
526.4830000400543,0.0,0.0,0.0,0.0,0.0,526.4830000400543,3,1175,199,5,9,3,3,0.6900000000000002,-7.090000000000001,0.5,-6.640000000000001,0,TRUE,13996.206102878168,-21.0
531.1610000133514,0.0,0.0,0.0,0.0,0.0,531.1610000133514,3,1141,185,5,11,1,1,0.34999999999999987,-5.95,0.7000000000000002,-6.92,0,TRUE,13378.014761041337,-0.0
526.0360000133514,0.0,0.0,0.0,0.0,0.0,526.0209999084473,3,1103,195,5,11,1,3,0.44999999999999996,-5.569999999999999,0.7000000000000002,-7.199999999999999,0,TRUE,14160.114761041337,-0.0
485.20499992370605,0.0,0.0,0.0,0.0,0.0,485.20499992370605,3,1226,181,3,7,3,3,0.71,-8.4,0.5,-6.51,0,TRUE,13332.816808129997,-0.0
655.2869999408722,0.0,0.0,0.0,0.0,0.0,655.2869999408722,5,1681,173,5,9,1,1,0.42999999999999994,-7.35,0.5,-1.8400000000000034,0,TRUE,15395.776796995235,-0.0
491.5659999847412,0.0,0.0,0.0,0.0,0.0,491.5659999847412,2,1637,203,8,9,3,3,0.7300000000000002,-14.110000000000001,0.19999999999999996,-1.9800000000000004,0,TRUE,13114.535785533502,-16.0
585.670000076294,0.0,0.0,0.0,0.0,0.0,585.670000076294,4,1637,203,4,11,1,1,0.53,-8.110000000000001,0.8,-1.7800000000000011,0,TRUE,14373.59991462237,-0.0
652.5729999542236,0.0,0.0,0.0,0.0,0.0,652.5729999542236,5,1631,203,5,9,1,3,0.7300000000000002,-6.85,0.5,-2.0400000000000027,0,TRUE,16177.876796995235,-0.0
479.0610001087189,0.0,0.0,0.0,0.0,0.0,479.0610001087189,2,1635,203,7,9,1,1,0.7300000000000002,-14.090000000000002,0.2999999999999998,-2.0,0,TRUE,12153.969182135796,-0.0
593.5969998836517,0.0,0.0,0.0,0.0,0.0,593.5969998836517,5,1632,205,2,11,1,3,0.5499999999999996,-5.26,1.0,-1.8100000000000023,0,TRUE,15639.723240672538,-0.0
668.3129999637604,0.0,0.0,0.0,0.0,0.0,668.3129999637604,5,1606,187,5,11,1,2,0.3699999999999999,-4.999999999999998,0.7000000000000002,-2.2500000000000036,0,TRUE,15344.69126840223,-0.0
663.4159998893738,0.0,0.0,0.0,0.0,0.0,663.4159998893738,5,1591,191,5,9,1,1,0.6100000000000001,-6.450000000000001,0.5,-2.5599999999999987,0,TRUE,15395.776796995235,-0.0
627.9449999332428,0.0,0.0,0.0,0.0,0.0,627.9289999008179,5,1635,205,3,13,1,3,0.34999999999999964,-3.6900000000000013,1.1,-1.5799999999999983,0,TRUE,16461.905095139155,-0.0
652.3310000896454,0.0,0.0,0.0,0.0,0.0,652.3310000896454,5,1593,195,5,9,1,1,0.6500000000000001,-6.470000000000001,0.5,-2.5,0,TRUE,15395.776796995235,-0.0
577.0739998817444,0.0,0.0,0.0,0.0,0.0,577.0739998817444,4,1637,205,4,13,1,1,0.34999999999999964,-6.91,1.0,-1.5599999999999987,0,TRUE,14745.516267821426,-0.0
459.4360001087189,0.0,0.0,0.0,0.0,0.0,459.4360001087189,2,1213,175,5,9,1,0,0.44999999999999996,-9.870000000000001,0.5,-6.5,0,TRUE,12467.250718798094,-0.0
550.3239998817444,0.0,0.0,0.0,0.0,0.0,550.3239998817444,3,1631,203,7,9,1,3,0.7300000000000002,-11.649999999999999,0.2999999999999998,-2.0400000000000027,0,TRUE,14190.103773203693,-0.0
466.14299988746643,0.0,0.0,0.0,0.0,0.0,466.14299988746643,2,1633,203,5,11,1,2,0.53,-13.670000000000002,0.7000000000000002,-1.8200000000000003,0,TRUE,11612.576507360893,-0.0
534.5789999961853,0.0,0.0,0.0,0.0,0.0,534.5789999961853,3,1213,179,7,7,3,1,0.69,-8.270000000000001,0.09999999999999987,-6.659999999999998,0,TRUE,13212.45516692441,-18.0
835.162999868393,0.0,0.0,0.0,0.0,0.0,835.162999868393,6,1637,205,8,13,1,1,0.34999999999999964,-0.5100000000000016,0.6000000000000001,-1.5599999999999987,0,TRUE,18676.87293430775,-36.0
622.3000001907349,0.0,0.0,0.0,0.0,0.0,622.3000001907349,5,1591,181,3,11,1,1,0.30999999999999983,-4.85,0.9000000000000001,-2.460000000000001,0,TRUE,15220.680248905406,-0.0
596.0989999771118,0.0,0.0,0.0,0.0,0.0,596.0989999771118,5,1627,175,3,9,1,1,0.44999999999999996,-6.8100000000000005,0.7,-2.3599999999999994,0,TRUE,14767.921646960222,-0.0
568.555999994278,0.0,0.0,0.0,0.0,0.0,568.555999994278,5,1694,190,1,9,1,2,0.6000000000000003,-7.480000000000002,0.8999999999999999,-1.5399999999999991,0,TRUE,13495.072515128206,-0.0
569.8300001621246,0.0,0.0,0.0,0.0,0.0,569.8300001621246,3,1637,205,7,13,3,1,0.34999999999999964,-10.110000000000001,0.7,-1.5599999999999987,0,TRUE,14140.468494956807,-36.0
643.7139999866486,0.0,0.0,0.0,0.0,0.0,643.7139999866486,5,1629,203,5,9,1,1,0.7300000000000002,-6.83,0.5,-2.0600000000000023,0,TRUE,15395.776796995235,-0.0
572.5130000114441,0.0,0.0,0.0,0.0,0.0,572.5130000114441,4,1637,205,4,14,1,1,0.24999999999999956,-6.3100000000000005,1.1,-1.4600000000000009,0,TRUE,14933.090491505274,-0.0
500.6730000972748,0.0,0.0,0.0,0.0,0.0,500.6730000972748,3,1631,203,3,11,1,1,0.53,-10.849999999999998,0.9000000000000001,-1.8400000000000034,0,TRUE,12990.768149343243,-0.0
482.82599997520447,0.0,0.0,0.0,0.0,0.0,482.82599997520447,2,1631,205,5,11,1,1,0.5499999999999996,-13.649999999999999,0.7000000000000002,-1.8200000000000038,0,TRUE,12133.97650736089,-0.0
546.5520000457764,0.0,0.0,0.0,0.0,0.0,546.5520000457764,4,1590,177,5,5,1,2,0.8699999999999999,-11.239999999999998,0.10000000000000009,-3.1099999999999994,0,TRUE,12941.47485168214,-0.0
619.3899998664856,0.0,0.0,0.0,0.0,0.0,619.3899998664856,5,1599,199,4,9,1,1,0.6900000000000002,-6.529999999999999,0.5999999999999999,-2.400000000000002,0,TRUE,15095.206254870978,-0.0
678.8340001106262,0.0,0.0,0.0,0.0,0.0,678.8340001106262,7,1589,191,3,7,1,1,0.81,-4.030000000000001,0.5,-2.7799999999999976,0,TRUE,16190.554531383346,-0.0
583.1859998703003,0.0,0.0,0.0,0.0,0.0,583.1859998703003,5,1627,205,3,7,1,1,0.9499999999999997,-8.41,0.5,-2.2600000000000016,0,TRUE,14320.65323670239,-0.0
598.3250000476837,0.0,0.0,0.0,0.0,0.0,598.3250000476837,5,1691,193,3,9,1,1,0.6300000000000001,-7.450000000000001,0.7,-1.5399999999999991,0,TRUE,14767.921646960222,-0.0
592.0390000343323,0.0,0.0,0.0,0.0,0.0,592.0390000343323,5,1693,193,3,7,1,1,0.8300000000000001,-9.07,0.5,-1.7199999999999989,0,TRUE,14320.65323670239,-0.0
716.7690000534058,0.0,0.0,0.0,0.0,0.0,716.7690000534058,5,1637,205,7,11,1,1,0.5499999999999996,-5.3100000000000005,0.5,-1.7600000000000016,0,TRUE,16419.95872305811,-23.0
593.1370000839233,0.0,0.0,0.0,0.0,0.0,593.1370000839233,4,1448,190,5,13,1,0,0.20000000000000018,-5.02,0.9000000000000001,-3.599999999999998,0,TRUE,15521.13996718264,-0.0
574.8910000324249,0.0,0.0,0.0,0.0,0.0,574.8910000324249,3,1637,205,7,13,1,0,0.34999999999999964,-10.110000000000001,0.7,-1.5599999999999987,0,TRUE,14527.75155336856,-1.0
488.5679998397827,0.0,0.0,0.0,0.0,0.0,488.55200004577637,2,1099,205,5,11,2,0,0.5499999999999996,-8.33,0.7000000000000002,-7.139999999999999,0,TRUE,12602.807607502658,-1.0
526.4530000686646,0.0,0.0,0.0,0.0,0.0,526.4530000686646,3,1145,201,5,11,1,3,0.51,-5.990000000000001,0.7000000000000002,-6.719999999999997,0,TRUE,14160.114761041337,-0.0
466.6640000343323,0.0,0.0,0.0,0.0,0.0,466.6640000343323,2,1101,205,5,11,3,0,0.5499999999999996,-8.35,0.7000000000000002,-7.119999999999999,0,TRUE,12734.229857148242,-10.0
509.71299982070923,0.0,0.0,0.0,0.0,0.0,509.71299982070923,3,1139,205,4,9,3,1,0.7499999999999998,-6.730000000000001,0.5999999999999999,-6.9399999999999995,0,TRUE,13024.989777173874,-13.0
557.539999961853,0.0,0.0,0.0,0.0,0.0,557.539999961853,3,1089,205,7,11,0,1,0.5499999999999996,-5.430000000000001,0.5,-7.239999999999998,0,TRUE,13799.746528227031,-0.0
554.9739999771118,0.0,0.0,0.0,0.0,0.0,554.9739999771118,3,1097,203,7,9,3,1,0.7300000000000002,-6.310000000000001,0.2999999999999998,-7.379999999999999,0,TRUE,13542.120714791941,-21.0
537.5520000457764,0.0,0.0,0.0,0.0,0.016000032424926758,537.5360000133514,3,1147,201,5,11,1,3,0.51,-6.010000000000001,0.7000000000000002,-6.6999999999999975,0,TRUE,14160.114761041337,-0.0
610.0520000457764,0.0,0.0,0.0,0.0,0.0,610.0520000457764,6,1207,173,5,5,1,1,0.8299999999999998,-4.210000000000001,0.10000000000000009,-6.979999999999999,0,TRUE,15371.36227752321,-0.0
502.614000082016,0.0,0.0,0.0,0.0,0.0,502.614000082016,3,1143,201,4,9,1,1,0.7100000000000002,-6.7700000000000005,0.5999999999999999,-6.940000000000001,0,TRUE,12915.483752922586,-0.0
559.5259997844696,0.0,0.0,0.0,0.0,0.0,559.5259997844696,3,1159,197,7,9,3,1,0.6700000000000002,-6.930000000000001,0.2999999999999998,-6.82,0,TRUE,13542.120714791941,-21.0
682.5930001735687,0.0,0.0,0.0,0.0,0.0,682.5930001735687,5,1097,205,7,9,1,1,0.7499999999999998,-1.5100000000000016,0.2999999999999998,-7.359999999999999,0,TRUE,15916.072955339489,-18.0
547.2720000743866,0.0,0.0,0.0,0.0,0.0,547.2720000743866,3,1133,203,7,9,3,1,0.7300000000000002,-6.670000000000001,0.2999999999999998,-7.02,0,TRUE,13542.120714791941,-21.0
562.2419998645782,0.0,0.0,0.0,0.0,0.0,562.2419998645782,3,1101,205,7,13,0,1,0.34999999999999964,-4.75,0.7,-6.92,0,TRUE,14095.762847760725,-0.0
461.3069999217987,0.0,0.0,0.0,0.0,0.0,461.3069999217987,2,1177,201,4,11,3,1,0.51,-9.11,0.8,-6.4,0,TRUE,12082.75397347871,-5.0
519.0320000648499,0.0,0.0,0.0,0.0,0.0,519.0320000648499,3,1163,183,5,9,1,1,0.53,-6.9700000000000015,0.5,-6.92,0,TRUE,13095.82607819714,-0.0
594.970999956131,0.0,0.0,0.0,0.0,0.0,594.970999956131,5,1111,191,3,9,3,1,0.6100000000000001,-1.6500000000000004,0.7,-7.360000000000001,0,TRUE,14934.529757141161,-14.000000000000002
605.289999961853,0.0,0.0,0.0,0.0,0.0,605.289999961853,5,1223,179,5,7,1,1,0.69,-4.370000000000001,0.30000000000000004,-6.559999999999999,0,TRUE,14921.331623056565,-0.0
545.8399999141693,0.0,0.0,0.0,0.0,0.0,545.8399999141693,3,1101,203,7,9,1,3,0.7300000000000002,-6.3500000000000005,0.2999999999999998,-7.34,0,TRUE,14190.103773203693,-0.0
489.9279999732971,0.0,0.0,0.0,0.0,0.0,489.9279999732971,3,1145,203,3,13,1,3,0.33000000000000007,-5.190000000000001,1.1,-6.499999999999998,0,TRUE,14048.343057083493,-0.0
642.3810000419617,0.0,0.0,0.0,0.0,0.0,642.3810000419617,5,1177,199,7,7,1,2,0.8900000000000001,-3.91,0.09999999999999987,-6.82,0,TRUE,14845.230375560272,-17.0
591.2019999027252,0.0,0.0,0.0,0.0,0.0,591.2019999027252,5,1205,170,3,9,1,1,0.40000000000000013,-2.5900000000000016,0.7,-6.629999999999999,0,TRUE,14767.921646960222,-0.0
507.30399990081787,0.0,0.0,0.0,0.0,0.0,507.30399990081787,5,1143,199,3,4,1,1,1.1900000000000002,-5.970000000000001,0.19999999999999996,-7.460000000000001,0,TRUE,13650.595255394952,-0.0
565.0090000629425,0.0,0.0,0.0,0.0,0.0,565.0090000629425,3,1099,201,7,13,1,1,0.31000000000000005,-4.73,0.7,-6.979999999999999,0,TRUE,14006.35155336856,-16.0
494.2760000228882,0.0,0.0,0.0,0.0,0.0,494.2760000228882,3,1135,203,3,11,1,3,0.53,-5.89,0.9000000000000001,-6.799999999999999,0,TRUE,13772.868149343243,-0.0
496.20300006866455,0.0,0.0,0.0,0.0,0.0,496.20300006866455,3,1159,189,3,11,1,2,0.3899999999999999,-6.13,0.9000000000000001,-6.699999999999999,0,TRUE,12469.368149343243,-0.0
565.210000038147,0.0,0.0,0.0,0.0,0.0,565.210000038147,3,1641,205,7,15,1,0,0.1499999999999997,-9.350000000000001,0.8999999999999999,-1.3200000000000003,0,TRUE,14822.626820892734,-4.0
583.8960001468658,0.0,0.0,0.0,0.0,0.0,583.8960001468658,4,1619,171,5,9,1,1,0.4099999999999999,-9.130000000000003,0.5,-2.4800000000000004,0,TRUE,14245.801437596187,-0.0
527.4769999980927,0.0,0.0,0.0,0.0,0.0,527.4769999980927,3,1139,201,5,11,1,3,0.51,-5.930000000000001,0.7000000000000002,-6.779999999999999,0,TRUE,14160.114761041337,-0.0
527.3519999980927,0.0,0.0,0.0,0.0,0.0,527.3519999980927,3,1137,201,5,11,1,3,0.51,-5.910000000000001,0.7000000000000002,-6.799999999999999,0,TRUE,14160.114761041337,-0.0
691.0239999294281,0.0,0.0,0.0,0.0,0.0,691.0239999294281,5,1161,201,7,11,1,1,0.51,-0.5499999999999989,0.5,-6.5600000000000005,0,TRUE,16419.95872305811,-21.0
530.305999994278,0.0,0.0,0.0,0.0,0.0,530.305999994278,3,1311,201,5,13,2,1,0.31000000000000005,-6.85,0.9000000000000001,-4.859999999999999,0,TRUE,13582.42662559963,-12.0
497.86100006103516,0.0,0.0,0.0,0.0,0.0,497.86100006103516,3,1117,185,3,13,3,1,0.1499999999999999,-4.91,1.1,-6.959999999999999,0,TRUE,13366.207923192056,-5.0
528.5590000152588,0.0,0.0,0.0,0.0,0.0,528.5590000152588,3,1309,205,5,13,1,1,0.34999999999999964,-6.83,0.9000000000000001,-4.84,0,TRUE,13661.27997538698,-0.0
498.6909999847412,0.0,0.0,0.0,0.0,0.0,498.6909999847412,3,1177,201,3,13,1,3,0.31000000000000005,-5.51,1.1,-6.200000000000001,0,TRUE,14048.343057083493,-0.0
511.9979999065399,0.0,0.0,0.0,0.0,0.015000104904174805,511.98299980163574,3,1307,205,4,9,1,1,0.7499999999999998,-8.41,0.5999999999999999,-5.259999999999998,0,TRUE,12915.483752922586,-0.0
547.9579999446869,0.0,0.0,0.0,0.0,0.0,547.9579999446869,3,1103,201,7,9,3,1,0.7100000000000002,-6.37,0.2999999999999998,-7.34,0,TRUE,13542.120714791941,-21.0
515.5920000076294,0.0,0.0,0.0,0.0,0.0,515.5920000076294,5,1145,199,1,5,1,1,1.09,-5.190000000000001,0.5,-7.339999999999998,0,TRUE,13158.841652705243,-0.0
565.0499999523163,0.0,0.0,0.0,0.0,0.0,565.0499999523163,5,1211,183,5,5,1,1,0.9299999999999999,-5.85,0.10000000000000009,-6.84,0,TRUE,14417.118564602675,-0.0
517.9900000095367,0.0,0.0,0.0,0.0,0.0,517.9900000095367,3,1171,203,5,9,1,3,0.7300000000000002,-7.050000000000002,0.5,-6.639999999999999,0,TRUE,13877.92607819714,-0.0
566.5340001583099,0.0,0.0,0.0,0.0,0.0,566.5340001583099,3,1159,199,7,13,3,1,0.29000000000000004,-5.33,0.7,-6.4,0,TRUE,14140.468494956807,-34.0
554.5020000934601,0.0,0.0,0.0,0.0,0.0,554.5020000934601,5,1179,199,1,9,1,3,0.6900000000000002,-2.330000000000002,0.8999999999999999,-6.6,0,TRUE,14798.572515128206,-0.0
469.43099999427795,0.0,0.0,0.0,0.0,0.0,469.43099999427795,2,1175,205,5,11,3,3,0.5499999999999996,-9.09,0.7000000000000002,-6.379999999999999,0,TRUE,12994.929857148243,-10.0
510.3919999599457,0.0,0.0,0.0,0.0,0.0,510.3919999599457,5,1623,167,1,5,1,3,0.7699999999999998,-9.97,0.5,-2.879999999999999,0,TRUE,13940.941652705245,-0.0
635.6909999847412,0.0,0.0,0.0,0.0,0.0,635.6909999847412,5,1307,205,4,11,1,3,0.5499999999999996,-2.01,0.8,-5.059999999999999,0,TRUE,16337.624893277964,-0.0
528.069000005722,0.0,0.0,0.0,0.0,0.0,528.069000005722,3,1307,205,5,13,1,1,0.34999999999999964,-6.8100000000000005,0.9000000000000001,-4.859999999999999,0,TRUE,13661.27997538698,-0.0
466.60199999809265,0.0,0.0,0.0,0.0,0.0,466.60199999809265,2,1175,205,5,11,3,0,0.5499999999999996,-9.09,0.7000000000000002,-6.379999999999999,0,TRUE,12734.229857148242,-10.0
587.9959998130798,0.0,0.0,0.0,0.0,0.0,587.9959998130798,5,1307,201,3,9,1,2,0.7100000000000002,-3.610000000000001,0.7,-5.300000000000001,0,TRUE,14246.521646960222,-0.0
561.8109998703003,0.0,0.0,0.0,0.0,0.0,561.8109998703003,5,1201,169,5,5,1,1,0.7899999999999998,-5.75,0.10000000000000009,-7.079999999999998,0,TRUE,14417.118564602675,-0.0
636.4470000267029,0.0,0.0,0.0,0.0,0.0,636.4470000267029,5,1173,205,7,7,1,3,0.9499999999999997,-3.870000000000001,0.09999999999999987,-6.799999999999999,0,TRUE,16148.730375560272,-16.0
444.2260000705719,0.0,0.0,0.0,0.0,0.0,444.2260000705719,2,1317,201,3,13,1,1,0.31000000000000005,-10.11,1.1,-4.799999999999997,0,TRUE,12059.462038055663,-0.0
531.0950000286102,0.0,0.0,0.0,0.0,0.0,531.0950000286102,3,1317,199,5,11,1,1,0.49,-7.71,0.7000000000000002,-5.02,0,TRUE,13378.014761041337,-0.0
589.923999786377,0.0,0.0,0.0,0.0,0.0,589.923999786377,4,1306,205,5,13,1,1,0.34999999999999964,-3.5999999999999996,0.9000000000000001,-4.869999999999997,0,TRUE,14999.73996718264,-0.0
558.0350000858307,0.0,0.0,0.0,0.0,0.0,558.0350000858307,3,1135,165,7,11,1,1,0.15000000000000013,-5.89,0.5,-7.18,0,TRUE,13710.335233834867,-4.0
508.893000125885,0.0,0.0,0.0,0.0,0.0,508.893000125885,5,1177,203,1,5,1,1,1.1300000000000001,-5.51,0.5,-6.979999999999999,0,TRUE,13158.841652705243,-0.0
622.7360000610352,0.0,0.0,0.0,0.0,0.0,622.7360000610352,5,1181,203,4,9,1,1,0.7300000000000002,-2.3500000000000014,0.5999999999999999,-6.539999999999999,0,TRUE,15095.206254870978,-0.0
567.3849999904633,0.0,0.0,0.0,0.0,0.0,567.3849999904633,3,1179,201,7,15,1,1,0.1100000000000001,-4.730000000000001,0.8999999999999999,-5.979999999999997,0,TRUE,14301.226820892734,-16.0
513.279000043869,0.0,0.0,0.0,0.0,0.0,513.279000043869,5,1617,165,1,5,1,3,0.7500000000000002,-9.910000000000002,0.5,-2.9599999999999973,0,TRUE,13940.941652705245,-0.0
464.88499999046326,0.0,0.0,0.0,0.0,0.0,464.88499999046326,2,1183,201,5,11,3,3,0.51,-9.17,0.7000000000000002,-6.339999999999998,0,TRUE,12994.929857148243,-10.0
565.4959998130798,0.0,0.0,0.0,0.0,0.0,565.4959998130798,5,1209,185,5,5,1,1,0.95,-5.83,0.10000000000000009,-6.84,0,TRUE,14417.118564602675,-0.0
538.8380000591278,0.0,0.0,0.0,0.0,0.0,538.8380000591278,3,1083,203,7,9,1,3,0.7300000000000002,-6.170000000000001,0.2999999999999998,-7.52,0,TRUE,14190.103773203693,-0.0
584.074000120163,0.0,0.0,0.0,0.0,0.0,584.074000120163,3,1697,179,8,13,1,1,0.08999999999999986,-10.709999999999999,0.6000000000000001,-1.2199999999999989,0,TRUE,14161.386467153876,-13.0
641.7430000305176,0.0,0.0,0.0,0.0,0.0,641.7430000305176,5,1319,203,5,13,1,3,0.33000000000000007,-0.5299999999999994,0.9000000000000001,-4.759999999999998,0,TRUE,17120.2999589783,-14.000000000000002
462.61500000953674,0.0,0.0,0.0,0.0,0.0,462.61500000953674,2,1083,205,5,11,3,0,0.5499999999999996,-8.17,0.7000000000000002,-7.299999999999999,0,TRUE,12734.229857148242,-13.0
548.0340001583099,0.0,0.0,0.0,0.0,0.0,548.0340001583099,5,1305,203,1,7,1,1,0.9300000000000002,-5.190000000000001,0.7,-5.4999999999999964,0,TRUE,13583.064001813911,-0.0
522.4289999008179,0.0,0.0,0.0,0.0,0.0,522.4289999008179,3,1183,203,5,11,1,3,0.53,-6.37,0.7000000000000002,-6.3199999999999985,0,TRUE,14160.114761041337,-0.0
535.9000000953674,0.0,0.0,0.0,0.0,0.0,535.8840000629425,5,1131,161,3,5,1,1,0.7100000000000002,-5.050000000000001,0.30000000000000004,-7.859999999999998,0,TRUE,13875.64865654367,-0.0
585.7309999465942,0.0,0.0,0.0,0.0,0.0,585.7309999465942,4,1199,171,5,11,3,0,0.20999999999999974,-3.7300000000000004,0.7000000000000002,-6.479999999999999,0,TRUE,15301.159714296486,-27.0
511.47499990463257,0.0,0.0,0.0,0.0,0.0,511.47499990463257,3,1615,163,5,7,1,1,0.5300000000000002,-12.29,0.30000000000000004,-2.8000000000000007,0,TRUE,12811.158973833939,-0.0
458.18099999427795,0.0,0.0,0.0,0.0,0.0,458.18099999427795,2,1083,205,5,13,3,1,0.34999999999999964,-7.7700000000000005,0.9000000000000001,-7.1,0,TRUE,12401.67333337867,-13.0
611.1429998874664,0.0,0.0,0.0,0.0,0.0,611.1429998874664,5,1200,165,4,9,1,1,0.3500000000000003,-2.540000000000001,0.5999999999999999,-6.73,0,TRUE,15095.206254870978,-0.0
592.3090000152588,0.0,0.0,0.0,0.0,0.0,592.3090000152588,5,1303,205,3,9,1,2,0.7499999999999998,-3.570000000000002,0.7,-5.299999999999997,0,TRUE,14246.521646960222,-0.0
465.82099986076355,0.0,0.0,0.0,0.0,0.0,465.82099986076355,5,1095,189,1,3,1,1,1.19,-6.290000000000001,0.30000000000000004,-8.139999999999999,0,TRUE,12743.277666326472,-0.0
642.7220001220703,0.0,0.0,0.0,0.0,0.0,642.7220001220703,5,1309,195,5,9,1,1,0.6500000000000001,-3.630000000000001,0.5,-5.34,0,TRUE,15395.776796995235,-0.0
502.2479999065399,0.0,0.0,0.0,0.0,0.016000032424926758,502.231999874115,3,1097,187,5,7,1,3,0.77,-7.110000000000001,0.30000000000000004,-7.739999999999998,0,TRUE,13593.25897383394,-0.0
526.779000043869,0.0,0.0,0.0,0.0,0.0,526.779000043869,3,1321,201,5,13,1,1,0.31000000000000005,-6.950000000000001,0.9000000000000001,-4.759999999999998,0,TRUE,13661.27997538698,-0.0
607.6999998092651,0.0,0.0,0.0,0.0,0.0,607.6999998092651,5,1197,171,4,9,1,1,0.4099999999999999,-2.5100000000000016,0.5999999999999999,-6.699999999999999,0,TRUE,15095.206254870978,-0.0
552.547000169754,0.0,0.0,0.0,0.0,0.0,552.547000169754,3,1185,201,7,11,1,3,0.51,-6.39,0.5,-6.3199999999999985,0,TRUE,14492.435233834865,-1.0
536.8289999961853,0.0,0.0,0.0,0.0,0.0,536.8289999961853,5,1303,205,3,5,1,3,1.1499999999999997,-6.770000000000001,0.30000000000000004,-5.699999999999999,0,TRUE,14657.74865654367,-0.0
570.1349999904633,0.0,0.0,0.0,0.0,0.0,570.1349999904633,7,1319,201,1,5,1,1,1.11,-3.7299999999999986,0.5,-5.579999999999998,0,TRUE,14564.018313787343,-0.0
662.9960000514984,0.0,0.0,0.0,0.0,0.0,662.9960000514984,5,1307,195,5,11,1,1,0.44999999999999996,-2.01,0.7000000000000002,-5.16,0,TRUE,15866.09126840223,-14.000000000000002
439.66699981689453,0.0,0.0,0.0,0.0,0.0,439.66699981689453,3,1321,201,1,5,1,3,1.11,-10.150000000000002,0.5,-5.559999999999999,0,TRUE,12535.764991623146,-0.0
476.6029999256134,0.0,0.0,0.0,0.0,0.0,476.6029999256134,2,1080,189,7,9,3,1,0.5900000000000001,-8.540000000000001,0.2999999999999998,-7.6899999999999995,0,TRUE,12243.38047652796,-13.0
531.6110000610352,0.0,0.0,0.0,0.0,0.0,531.6110000610352,3,1321,197,5,11,1,1,0.47,-7.750000000000001,0.7000000000000002,-5.0,0,TRUE,13378.014761041337,-0.0
424.8910000324249,0.0,0.0,0.0,0.0,0.0,424.875,3,1321,201,1,3,1,3,1.31,-10.950000000000001,0.30000000000000004,-5.759999999999998,0,TRUE,12286.426599795883,-0.0
588.2520000934601,0.0,0.0,0.0,0.0,0.0,588.2520000934601,5,1201,161,3,9,1,1,0.3100000000000003,-2.5500000000000007,0.7,-6.76,0,TRUE,14767.921646960222,-0.0
473.92899990081787,0.0,0.0,0.0,0.0,0.0,473.92899990081787,5,1203,181,1,3,1,0,1.1099999999999999,-7.370000000000001,0.30000000000000004,-7.139999999999999,0,TRUE,13264.677666326472,-0.0
738.9409999847412,0.0,0.0,0.0,0.0,0.0,738.9249999523163,5,1309,193,8,11,1,1,0.42999999999999994,-2.0299999999999994,0.40000000000000013,-5.16,0,TRUE,16661.955241046642,-21.0
559.5829999446869,0.0,0.0,0.0,0.0,0.0,559.5829999446869,3,1185,205,7,13,1,2,0.34999999999999964,-5.59,0.7,-6.079999999999998,0,TRUE,13484.95155336856,-9.0
607.75,0.0,0.0,0.0,0.0,0.0,607.75,5,1317,193,4,9,1,3,0.6300000000000001,-3.710000000000001,0.5999999999999999,-5.280000000000001,0,TRUE,15877.306254870979,-0.0
495.7739999294281,0.0,0.0,0.0,0.0,0.0,495.7739999294281,3,1185,205,3,13,1,1,0.34999999999999964,-5.59,1.1,-6.079999999999998,0,TRUE,13266.243057083493,-0.0
555.6619999408722,0.0,0.0,0.0,0.0,0.0,555.6619999408722,3,1187,201,7,13,1,3,0.31000000000000005,-5.610000000000001,0.7,-6.099999999999998,0,TRUE,14788.45155336856,-13.0
573.8510000705719,0.0,0.0,0.0,0.0,0.0,573.8510000705719,5,1300,201,3,7,1,3,0.9100000000000001,-5.140000000000001,0.5,-5.57,0,TRUE,15102.753236702392,-0.0
637.0199999809265,0.0,0.0,0.0,0.0,0.0,637.0199999809265,5,1323,197,5,9,1,1,0.6700000000000002,-3.7700000000000014,0.5,-5.18,0,TRUE,15395.776796995235,-1.0
509.31699991226196,0.0,0.0,0.0,0.0,0.0,509.31699991226196,3,1201,185,4,9,3,1,0.55,-7.3500000000000005,0.5999999999999999,-6.52,0,TRUE,13024.989777173874,-10.0
608.9210000038147,0.0,0.0,0.0,0.0,0.0,608.9210000038147,5,1315,191,5,7,1,1,0.81,-5.290000000000001,0.30000000000000004,-5.52,0,TRUE,14921.331623056565,-0.0
565.1159999370575,0.0,0.0,0.0,0.0,0.0,565.1159999370575,7,1323,205,0,5,0,0,1.1499999999999997,-3.7699999999999996,0.6000000000000001,-5.5,0,TRUE,14572.679269122935,-0.0
490.98200011253357,0.0,0.0,0.0,0.0,0.0,490.98200011253357,5,1302,197,3,3,1,1,1.27,-8.36,0.10000000000000009,-5.989999999999998,0,TRUE,13416.665119415107,-0.0
